"STATION","NAME","DATE","DAPR","MDPR","PRCP","SNOW","SNWD"
"US1PAAL0029","PITTSBURGH 5.2 S, PA US","2018-06-14",,,"0.25",,
"US1PAAL0029","PITTSBURGH 5.2 S, PA US","2018-06-15",,,"0.00",,
"US1PAAL0029","PITTSBURGH 5.2 S, PA US","2018-06-16",,,"0.00",,
"US1PAAL0029","PITTSBURGH 5.2 S, PA US","2018-06-17",,,"0.00",,
"US1PAAL0029","PITTSBURGH 5.2 S, PA US","2018-06-21","    4","2.48",,,
"US1PAAL0029","PITTSBURGH 5.2 S, PA US","2018-06-23","    3","0.79",,,
"US1PAAL0029","PITTSBURGH 5.2 S, PA US","2018-06-24",,,"0.07",,
"US1PAAL0029","PITTSBURGH 5.2 S, PA US","2018-06-25",,,"0.01",,
"US1PAAL0029","PITTSBURGH 5.2 S, PA US","2018-06-27",,,"0.03",,
"US1PAAL0029","PITTSBURGH 5.2 S, PA US","2018-06-28",,,"0.41",,
"US1PAAL0029","PITTSBURGH 5.2 S, PA US","2018-06-29",,,"0.00",,
"US1PAAL0029","PITTSBURGH 5.2 S, PA US","2018-06-30",,,"0.00",,
"US1PAAL0029","PITTSBURGH 5.2 S, PA US","2018-07-01",,,"0.00",,
"US1PAAL0029","PITTSBURGH 5.2 S, PA US","2018-07-02",,,"0.00",,
"US1PAAL0029","PITTSBURGH 5.2 S, PA US","2018-07-03",,,"0.00",,
"US1PAAL0029","PITTSBURGH 5.2 S, PA US","2018-07-04",,,"0.00",,
"US1PAAL0029","PITTSBURGH 5.2 S, PA US","2018-07-05",,,"0.23",,
"US1PAAL0029","PITTSBURGH 5.2 S, PA US","2018-07-06",,,"0.06",,
"US1PAAL0029","PITTSBURGH 5.2 S, PA US","2018-07-07",,,"0.00",,
"US1PAAL0029","PITTSBURGH 5.2 S, PA US","2018-07-08",,,"0.00",,
"US1PAAL0029","PITTSBURGH 5.2 S, PA US","2018-07-09",,,"0.00",,
"US1PAAL0029","PITTSBURGH 5.2 S, PA US","2018-07-10",,,"0.00",,
"US1PAAL0029","PITTSBURGH 5.2 S, PA US","2018-07-11",,,"0.11",,
"US1PAAL0029","PITTSBURGH 5.2 S, PA US","2018-07-12",,,"0.00","0.0",
"US1PAAL0029","PITTSBURGH 5.2 S, PA US","2018-07-13",,,"0.00",,
"US1PAAL0029","PITTSBURGH 5.2 S, PA US","2018-07-14",,,"0.00",,
"US1PAAL0029","PITTSBURGH 5.2 S, PA US","2018-07-15",,,"0.18",,
"US1PAAL0029","PITTSBURGH 5.2 S, PA US","2018-07-16",,,"0.86",,
"US1PAAL0029","PITTSBURGH 5.2 S, PA US","2018-07-17",,,"0.25",,
"US1PAAL0029","PITTSBURGH 5.2 S, PA US","2018-07-18",,,"0.00",,
"US1PAAL0029","PITTSBURGH 5.2 S, PA US","2018-07-19",,,"0.00",,
"US1PAAL0029","PITTSBURGH 5.2 S, PA US","2018-07-20",,,"0.00",,
"US1PAAL0029","PITTSBURGH 5.2 S, PA US","2018-07-22",,,"0.00",,
"US1PAAL0029","PITTSBURGH 5.2 S, PA US","2018-07-23",,,"0.18",,
"US1PAAL0029","PITTSBURGH 5.2 S, PA US","2018-07-24",,,"0.27",,
"US1PAAL0029","PITTSBURGH 5.2 S, PA US","2018-07-25",,,"0.14",,
"US1PAAL0029","PITTSBURGH 5.2 S, PA US","2018-07-26",,,"0.00",,
"US1PAAL0029","PITTSBURGH 5.2 S, PA US","2018-07-27",,,"0.17",,
"US1PAAL0029","PITTSBURGH 5.2 S, PA US","2018-07-29","    2","0.03",,,
"US1PAAL0029","PITTSBURGH 5.2 S, PA US","2018-07-30",,,"0.00",,
"US1PAAL0029","PITTSBURGH 5.2 S, PA US","2018-08-02","    3","0.29",,,
"US1PAAL0029","PITTSBURGH 5.2 S, PA US","2018-08-05","    3","0.04",,,
"US1PAAL0029","PITTSBURGH 5.2 S, PA US","2018-08-06",,,"0.06",,
"US1PAAL0029","PITTSBURGH 5.2 S, PA US","2018-08-07",,,"0.00",,
"US1PAAL0029","PITTSBURGH 5.2 S, PA US","2018-08-08",,,"0.09",,
"US1PAAL0029","PITTSBURGH 5.2 S, PA US","2018-08-10","    2","0.39",,,
"US1PAAL0029","PITTSBURGH 5.2 S, PA US","2018-08-11",,,"1.07",,
"US1PAAL0029","PITTSBURGH 5.2 S, PA US","2018-08-14","    3","0.06",,,
"US1PAAL0029","PITTSBURGH 5.2 S, PA US","2018-08-15",,,"0.40",,
"US1PAAL0029","PITTSBURGH 5.2 S, PA US","2018-08-16",,,"0.00",,
"US1PAAL0029","PITTSBURGH 5.2 S, PA US","2018-08-17",,,"0.15",,
"US1PAAL0029","PITTSBURGH 5.2 S, PA US","2018-08-18",,,"0.41",,
"US1PAAL0029","PITTSBURGH 5.2 S, PA US","2018-08-19",,,"0.00",,
"US1PAAL0029","PITTSBURGH 5.2 S, PA US","2018-08-20",,,"0.00",,
"US1PAAL0029","PITTSBURGH 5.2 S, PA US","2018-08-21",,,"0.08",,
"US1PAAL0029","PITTSBURGH 5.2 S, PA US","2018-08-22",,,"0.38",,
"US1PAAL0029","PITTSBURGH 5.2 S, PA US","2018-08-27","    5","0.02",,,
"US1PAAL0029","PITTSBURGH 5.2 S, PA US","2018-08-28",,,"0.00",,
"US1PAAL0029","PITTSBURGH 5.2 S, PA US","2018-08-29",,,"0.00",,
"US1PAAL0029","PITTSBURGH 5.2 S, PA US","2018-08-30",,,"0.05",,
"US1PAAL0029","PITTSBURGH 5.2 S, PA US","2018-09-07","    8","0.09",,,
"US1PAAL0029","PITTSBURGH 5.2 S, PA US","2018-09-10","    3","4.31",,,
"US1PAAL0029","PITTSBURGH 5.2 S, PA US","2018-09-12","    2","0.81",,,
"US1PAAL0029","PITTSBURGH 5.2 S, PA US","2018-09-18","    6","0.42",,,
"US1PAAL0029","PITTSBURGH 5.2 S, PA US","2018-09-19",,,"0.04",,
"US1PAAL0029","PITTSBURGH 5.2 S, PA US","2018-09-22","    3","0.72",,,
"US1PAAL0029","PITTSBURGH 5.2 S, PA US","2018-10-09","   17","2.46",,,
"US1PAAL0029","PITTSBURGH 5.2 S, PA US","2019-04-13",,,"0.16",,
"US1PAAL0029","PITTSBURGH 5.2 S, PA US","2019-04-14",,,"0.02",,
"US1PAAL0029","PITTSBURGH 5.2 S, PA US","2019-04-15",,,"0.62",,
"US1PAAL0029","PITTSBURGH 5.2 S, PA US","2019-04-16",,,"0.03",,
"US1PAAL0029","PITTSBURGH 5.2 S, PA US","2019-04-19",,,"0.00",,
"US1PAAL0029","PITTSBURGH 5.2 S, PA US","2019-04-20",,,"0.36",,
"US1PAAL0029","PITTSBURGH 5.2 S, PA US","2019-04-21",,,"0.41",,
"US1PAAL0029","PITTSBURGH 5.2 S, PA US","2019-04-22",,,"0.00",,
"US1PAAL0029","PITTSBURGH 5.2 S, PA US","2019-04-24",,,"0.01",,
"US1PAAL0029","PITTSBURGH 5.2 S, PA US","2019-04-25",,,"0.02",,
"US1PAAL0029","PITTSBURGH 5.2 S, PA US","2019-04-26",,,"0.29",,
"US1PAAL0029","PITTSBURGH 5.2 S, PA US","2019-04-27",,,"0.71",,
"US1PAAL0029","PITTSBURGH 5.2 S, PA US","2019-04-28",,,"0.07",,
"US1PAAL0029","PITTSBURGH 5.2 S, PA US","2019-04-30",,,"0.01",,
"US1PAAL0029","PITTSBURGH 5.2 S, PA US","2019-05-04","    4","0.27",,,
"US1PAAL0029","PITTSBURGH 5.2 S, PA US","2019-05-05",,,"0.23",,
"US1PAAL0029","PITTSBURGH 5.2 S, PA US","2019-05-08","    3","0.00",,,
"US1PAAL0029","PITTSBURGH 5.2 S, PA US","2019-05-10","    2","0.75",,,
"US1PAAL0029","PITTSBURGH 5.2 S, PA US","2019-05-16","    6","0.13",,,
"US1PAAL0029","PITTSBURGH 5.2 S, PA US","2019-05-20","    4","0.46",,,
"US1PAAL0029","PITTSBURGH 5.2 S, PA US","2019-05-23","    3","0.01",,,
"US1PAAL0029","PITTSBURGH 5.2 S, PA US","2019-05-25","    2","0.05",,,
"US1PAAL0029","PITTSBURGH 5.2 S, PA US","2019-05-27","    3","0.06",,,
"US1PAAL0029","PITTSBURGH 5.2 S, PA US","2019-05-28",,,"0.40",,
"US1PAAL0029","PITTSBURGH 5.2 S, PA US","2019-05-29",,,"0.07",,
"US1PAAL0029","PITTSBURGH 5.2 S, PA US","2019-05-30",,,"0.46",,
"US1PAAL0029","PITTSBURGH 5.2 S, PA US","2019-05-31",,,"0.36",,
"US1PAAL0029","PITTSBURGH 5.2 S, PA US","2019-06-02",,,"0.26",,
"US1PAAL0029","PITTSBURGH 5.2 S, PA US","2019-06-06",,,"0.16",,
"US1PAAL0029","PITTSBURGH 5.2 S, PA US","2019-06-07",,,"0.02",,
"US1PAAL0029","PITTSBURGH 5.2 S, PA US","2019-06-10",,,"0.06",,
"US1PAAL0029","PITTSBURGH 5.2 S, PA US","2019-06-12","    2","0.30",,,
"US1PAAL0029","PITTSBURGH 5.2 S, PA US","2019-06-15","    3","0.21",,,
"US1PAAL0029","PITTSBURGH 5.2 S, PA US","2019-06-16",,,"0.12",,
"US1PAAL0029","PITTSBURGH 5.2 S, PA US","2019-06-17",,,"0.67",,
"US1PAAL0029","PITTSBURGH 5.2 S, PA US","2019-06-18",,,"0.23",,
"US1PAAL0029","PITTSBURGH 5.2 S, PA US","2019-06-19",,,"0.02",,
"US1PAAL0029","PITTSBURGH 5.2 S, PA US","2019-06-20",,,"0.89",,
"US1PAAL0029","PITTSBURGH 5.2 S, PA US","2019-06-24","    4","0.50",,,
"US1PAAL0029","PITTSBURGH 5.2 S, PA US","2019-06-25",,,"0.33",,
"US1PAAL0029","PITTSBURGH 5.2 S, PA US","2019-06-28",,,"0.13",,
"US1PAAL0029","PITTSBURGH 5.2 S, PA US","2019-06-30",,,"0.00",,
"US1PAAL0029","PITTSBURGH 5.2 S, PA US","2019-07-03",,,"0.10",,
"US1PAAL0029","PITTSBURGH 5.2 S, PA US","2019-07-05","    2","0.00",,,
"US1PAAL0029","PITTSBURGH 5.2 S, PA US","2019-07-06",,,"0.17",,
"US1PAAL0029","PITTSBURGH 5.2 S, PA US","2019-07-07",,,"0.55",,
"US1PAAL0029","PITTSBURGH 5.2 S, PA US","2019-07-08",,,"0.09",,
"US1PAAL0029","PITTSBURGH 5.2 S, PA US","2019-07-10",,,"0.00",,
"US1PAAL0029","PITTSBURGH 5.2 S, PA US","2019-07-11",,,"0.00",,
"US1PAAL0029","PITTSBURGH 5.2 S, PA US","2019-07-12",,,"0.91",,
"US1PAAL0029","PITTSBURGH 5.2 S, PA US","2019-07-16","    4","0.00",,,
"US1PAAL0029","PITTSBURGH 5.2 S, PA US","2019-07-17",,,"0.09",,
"US1PAAL0029","PITTSBURGH 5.2 S, PA US","2019-07-18",,,"0.11",,
"US1PAAL0029","PITTSBURGH 5.2 S, PA US","2019-07-22",,,"0.32",,
"US1PAAL0029","PITTSBURGH 5.2 S, PA US","2019-07-23",,,"0.43",,
"US1PAAL0029","PITTSBURGH 5.2 S, PA US","2019-07-30","    7","0.00",,,
"US1PAAL0029","PITTSBURGH 5.2 S, PA US","2019-07-31",,,"0.85",,
"US1PAAL0029","PITTSBURGH 5.2 S, PA US","2019-08-03",,,"0.35",,
"US1PAAL0029","PITTSBURGH 5.2 S, PA US","2019-08-08","    5","0.11",,,
"US1PAAL0029","PITTSBURGH 5.2 S, PA US","2019-08-09",,,"0.32",,
"US1PAAL0029","PITTSBURGH 5.2 S, PA US","2019-08-19","   10","1.32",,,
"US1PAAL0029","PITTSBURGH 5.2 S, PA US","2019-08-21",,,"0.13",,
"US1PAAL0029","PITTSBURGH 5.2 S, PA US","2019-08-27",,,"0.29",,
"US1PAAL0029","PITTSBURGH 5.2 S, PA US","2019-08-28",,,"0.62",,
"US1PAAL0029","PITTSBURGH 5.2 S, PA US","2019-09-08","   11","0.32",,,
"US1PAAL0029","PITTSBURGH 5.2 S, PA US","2019-09-24",,,"0.04",,
"US1PAAL0029","PITTSBURGH 5.2 S, PA US","2019-09-27",,,"0.11",,
"US1PAAL0029","PITTSBURGH 5.2 S, PA US","2019-09-29","    2","0.11",,,
"US1PAAL0029","PITTSBURGH 5.2 S, PA US","2019-10-01","    2","0.68",,,
"US1PAAL0029","PITTSBURGH 5.2 S, PA US","2019-10-13","   12","1.62",,,
"US1PAAL0029","PITTSBURGH 5.2 S, PA US","2019-11-10","   28","4.26",,,
"US1PAAL0029","PITTSBURGH 5.2 S, PA US","2019-12-09",,,"0.04",,
"US1PAAL0029","PITTSBURGH 5.2 S, PA US","2019-12-10",,,"1.12",,
"US1PAAL0029","PITTSBURGH 5.2 S, PA US","2019-12-11",,,"0.07",,
"US1PAAL0029","PITTSBURGH 5.2 S, PA US","2019-12-13",,,"0.00",,
"US1PAAL0029","PITTSBURGH 5.2 S, PA US","2019-12-14",,,"0.20",,
"US1PAAL0029","PITTSBURGH 5.2 S, PA US","2019-12-15",,,"0.42",,
"US1PAAL0029","PITTSBURGH 5.2 S, PA US","2019-12-16",,,"0.06",,
"US1PAAL0029","PITTSBURGH 5.2 S, PA US","2019-12-17",,,"0.40",,
"US1PAAL0029","PITTSBURGH 5.2 S, PA US","2019-12-20","    3","0.06",,,
"US1PAAL0029","PITTSBURGH 5.2 S, PA US","2019-12-21",,,"0.00",,
"US1PAAL0029","PITTSBURGH 5.2 S, PA US","2019-12-22",,,"0.00",,
"US1PAAL0029","PITTSBURGH 5.2 S, PA US","2019-12-23",,,"0.00",,
"US1PAAL0029","PITTSBURGH 5.2 S, PA US","2019-12-24",,,"0.00",,
"US1PAAL0029","PITTSBURGH 5.2 S, PA US","2019-12-25",,,"0.00",,
"US1PAAL0029","PITTSBURGH 5.2 S, PA US","2019-12-26",,,"0.00",,
"US1PAAL0029","PITTSBURGH 5.2 S, PA US","2019-12-27",,,"0.00",,
"US1PAAL0029","PITTSBURGH 5.2 S, PA US","2019-12-28",,,"0.00",,
"US1PAAL0029","PITTSBURGH 5.2 S, PA US","2019-12-29",,,"0.00",,
"US1PAAL0029","PITTSBURGH 5.2 S, PA US","2019-12-30",,,"0.62",,
"US1PAAL0029","PITTSBURGH 5.2 S, PA US","2019-12-31",,,"0.02",,
"US1PAAL0029","PITTSBURGH 5.2 S, PA US","2020-01-01",,,"0.14",,
"US1PAAL0029","PITTSBURGH 5.2 S, PA US","2020-01-02",,,"0.00",,
"US1PAAL0029","PITTSBURGH 5.2 S, PA US","2020-01-03",,,"0.60",,
"US1PAAL0029","PITTSBURGH 5.2 S, PA US","2020-01-04",,,"0.47",,
"US1PAAL0029","PITTSBURGH 5.2 S, PA US","2020-01-05",,,"0.06",,
"US1PAAL0029","PITTSBURGH 5.2 S, PA US","2020-01-06",,,"0.00",,
"US1PAAL0029","PITTSBURGH 5.2 S, PA US","2020-01-07",,,"0.00",,
"US1PAAL0029","PITTSBURGH 5.2 S, PA US","2020-01-08",,,"0.00",,
"US1PAAL0029","PITTSBURGH 5.2 S, PA US","2020-01-09",,,"0.00",,
"US1PAAL0029","PITTSBURGH 5.2 S, PA US","2020-01-10",,,"0.00",,
"US1PAAL0029","PITTSBURGH 5.2 S, PA US","2020-01-11",,,"0.10",,
"US1PAAL0029","PITTSBURGH 5.2 S, PA US","2020-01-12",,,"0.17",,
"US1PAAL0029","PITTSBURGH 5.2 S, PA US","2020-01-13",,,"0.01",,
"US1PAAL0029","PITTSBURGH 5.2 S, PA US","2020-01-14",,,"0.00",,
"US1PAAL0029","PITTSBURGH 5.2 S, PA US","2020-01-15",,,"0.00",,
"US1PAAL0029","PITTSBURGH 5.2 S, PA US","2020-01-16",,,"0.02",,
"US1PAAL0029","PITTSBURGH 5.2 S, PA US","2020-01-17",,,"0.06",,
"US1PAAL0029","PITTSBURGH 5.2 S, PA US","2020-01-19","    2","0.81",,,
"US1PAAL0029","PITTSBURGH 5.2 S, PA US","2020-01-20",,,"0.02",,
"US1PAAL0029","PITTSBURGH 5.2 S, PA US","2020-01-21",,,"0.00",,
"US1PAAL0029","PITTSBURGH 5.2 S, PA US","2020-01-22",,,"0.00",,
"US1PAAL0029","PITTSBURGH 5.2 S, PA US","2020-01-23",,,"0.00",,
"US1PAAL0029","PITTSBURGH 5.2 S, PA US","2020-01-24",,,"0.00",,
"US1PAAL0029","PITTSBURGH 5.2 S, PA US","2020-01-25",,,"1.11",,
"US1PAAL0029","PITTSBURGH 5.2 S, PA US","2020-01-26",,,"0.06",,
"US1PAAL0029","PITTSBURGH 5.2 S, PA US","2020-01-27",,,"0.00",,
"US1PAAL0029","PITTSBURGH 5.2 S, PA US","2020-01-28",,,"0.00",,
"US1PAAL0029","PITTSBURGH 5.2 S, PA US","2020-01-29",,,"0.00",,
"US1PAAL0029","PITTSBURGH 5.2 S, PA US","2020-01-30",,,"0.00",,
"US1PAAL0029","PITTSBURGH 5.2 S, PA US","2020-01-31",,,"0.00",,
"US1PAAL0029","PITTSBURGH 5.2 S, PA US","2020-02-01",,,"0.14",,
"US1PAAL0029","PITTSBURGH 5.2 S, PA US","2020-02-02",,,"0.06",,
"US1PAAL0029","PITTSBURGH 5.2 S, PA US","2020-02-03",,,"0.00",,
"US1PAAL0029","PITTSBURGH 5.2 S, PA US","2020-02-04",,,"0.02",,
"US1PAAL0029","PITTSBURGH 5.2 S, PA US","2020-02-05",,,"0.29",,
"US1PAAL0029","PITTSBURGH 5.2 S, PA US","2020-02-06",,,"0.40",,
"US1PAAL0029","PITTSBURGH 5.2 S, PA US","2020-02-10","    4","0.85",,,
"US1PAAL0029","PITTSBURGH 5.2 S, PA US","2020-02-11",,,"0.23",,
"US1PAAL0029","PITTSBURGH 5.2 S, PA US","2020-02-12",,,"0.04",,
"US1PAAL0029","PITTSBURGH 5.2 S, PA US","2020-02-13",,,"0.81",,
"US1PAAL0029","PITTSBURGH 5.2 S, PA US","2020-02-14",,,"0.04",,
"US1PAAL0029","PITTSBURGH 5.2 S, PA US","2020-02-15",,,"0.00",,
"US1PAAL0029","PITTSBURGH 5.2 S, PA US","2020-02-16",,,"0.00",,
"US1PAAL0029","PITTSBURGH 5.2 S, PA US","2020-02-17",,,"0.00",,
"US1PAAL0029","PITTSBURGH 5.2 S, PA US","2020-02-18",,,"0.00",,
"US1PAAL0029","PITTSBURGH 5.2 S, PA US","2020-02-19",,,"0.03",,
"US1PAAL0029","PITTSBURGH 5.2 S, PA US","2020-02-20",,,"0.00",,
"US1PAAL0029","PITTSBURGH 5.2 S, PA US","2020-02-21",,,"0.00",,
"US1PAAL0029","PITTSBURGH 5.2 S, PA US","2020-02-22",,,"0.00",,
"US1PAAL0029","PITTSBURGH 5.2 S, PA US","2020-02-23",,,"0.00",,
"US1PAAL0029","PITTSBURGH 5.2 S, PA US","2020-02-24",,,"0.00",,
"US1PAAL0029","PITTSBURGH 5.2 S, PA US","2020-02-25",,,"0.00",,
"US1PAAL0029","PITTSBURGH 5.2 S, PA US","2020-02-26",,,"0.17",,
"US1PAAL0029","PITTSBURGH 5.2 S, PA US","2020-02-27",,,"0.52",,
"US1PAAL0029","PITTSBURGH 5.2 S, PA US","2020-02-28",,,"0.01",,
"US1PAAL0029","PITTSBURGH 5.2 S, PA US","2020-02-29",,,"0.00",,
"US1PAAL0029","PITTSBURGH 5.2 S, PA US","2020-03-01",,,"0.00",,
"US1PAAL0029","PITTSBURGH 5.2 S, PA US","2020-03-02",,,"0.00",,
"US1PAAL0029","PITTSBURGH 5.2 S, PA US","2020-03-03",,,"0.12",,
"US1PAAL0029","PITTSBURGH 5.2 S, PA US","2020-03-04",,,"0.47",,
"US1PAAL0029","PITTSBURGH 5.2 S, PA US","2020-03-05",,,"0.00",,
"US1PAAL0029","PITTSBURGH 5.2 S, PA US","2020-03-06",,,"0.00",,
"US1PAAL0029","PITTSBURGH 5.2 S, PA US","2020-03-07",,,"0.11",,
"US1PAAL0029","PITTSBURGH 5.2 S, PA US","2020-03-09","    2","0.00",,,
"US1PAAL0029","PITTSBURGH 5.2 S, PA US","2020-03-10",,,"0.05",,
"US1PAAL0029","PITTSBURGH 5.2 S, PA US","2020-03-11",,,"0.14",,
"US1PAAL0029","PITTSBURGH 5.2 S, PA US","2020-03-12",,,"0.00",,
"US1PAAL0029","PITTSBURGH 5.2 S, PA US","2020-03-13",,,"0.07",,
"US1PAAL0029","PITTSBURGH 5.2 S, PA US","2020-03-15",,,"0.26",,
"US1PAAL0029","PITTSBURGH 5.2 S, PA US","2020-03-16",,,"0.00",,
"US1PAAL0029","PITTSBURGH 5.2 S, PA US","2020-03-17",,,"0.10",,
"US1PAAL0029","PITTSBURGH 5.2 S, PA US","2020-03-18",,,"0.03",,
"US1PAAL0029","PITTSBURGH 5.2 S, PA US","2020-03-19",,,"0.77",,
"US1PAAL0029","PITTSBURGH 5.2 S, PA US","2020-03-20",,,"1.34",,
"US1PAAL0029","PITTSBURGH 5.2 S, PA US","2020-03-21",,,"0.31",,
"US1PAAL0029","PITTSBURGH 5.2 S, PA US","2020-03-22",,,"0.00",,
"US1PAAL0029","PITTSBURGH 5.2 S, PA US","2020-03-24","    2","0.41",,,
"US1PAAL0029","PITTSBURGH 5.2 S, PA US","2020-03-25",,,"0.20",,
"US1PAAL0029","PITTSBURGH 5.2 S, PA US","2020-03-26",,,"0.00",,
"US1PAAL0029","PITTSBURGH 5.2 S, PA US","2020-03-27",,,"0.23",,
"US1PAAL0029","PITTSBURGH 5.2 S, PA US","2020-03-28",,,"0.43",,
"US1PAAL0029","PITTSBURGH 5.2 S, PA US","2020-03-29",,,"1.28",,
"US1PAAL0029","PITTSBURGH 5.2 S, PA US","2020-03-30",,,"0.00",,
"US1PAAL0029","PITTSBURGH 5.2 S, PA US","2020-04-01",,,"0.11",,
"US1PAAL0029","PITTSBURGH 5.2 S, PA US","2020-04-02",,,"0.10",,
"US1PAAL0029","PITTSBURGH 5.2 S, PA US","2020-04-03",,,"0.00",,
"US1PAAL0029","PITTSBURGH 5.2 S, PA US","2020-04-04",,,"0.00",,
"US1PAAL0029","PITTSBURGH 5.2 S, PA US","2020-04-05",,,"0.00",,
"US1PAAL0029","PITTSBURGH 5.2 S, PA US","2020-04-06",,,"0.00",,
"US1PAAL0029","PITTSBURGH 5.2 S, PA US","2020-04-07",,,"0.00",,
"US1PAAL0029","PITTSBURGH 5.2 S, PA US","2020-04-08",,,"0.63",,
"US1PAAL0029","PITTSBURGH 5.2 S, PA US","2020-04-09",,,"0.22",,
"US1PAAL0029","PITTSBURGH 5.2 S, PA US","2020-04-10",,,"0.10",,
"US1PAAL0029","PITTSBURGH 5.2 S, PA US","2020-04-11",,,"0.01",,
"US1PAAL0029","PITTSBURGH 5.2 S, PA US","2020-04-12",,,"0.00",,
"US1PAAL0029","PITTSBURGH 5.2 S, PA US","2020-04-13",,,"0.25",,
"US1PAAL0029","PITTSBURGH 5.2 S, PA US","2020-04-14",,,"0.38",,
"US1PAAL0029","PITTSBURGH 5.2 S, PA US","2020-04-15",,,"0.01",,
"US1PAAL0029","PITTSBURGH 5.2 S, PA US","2020-04-16",,,"0.09",,
"US1PAAL0029","PITTSBURGH 5.2 S, PA US","2020-04-17",,,"0.00",,
"US1PAAL0029","PITTSBURGH 5.2 S, PA US","2020-04-18",,,"0.66",,
"US1PAAL0029","PITTSBURGH 5.2 S, PA US","2020-04-19",,,"0.00",,
"US1PAAL0029","PITTSBURGH 5.2 S, PA US","2020-04-20",,,"0.01",,
"US1PAAL0029","PITTSBURGH 5.2 S, PA US","2020-04-21",,,"0.02",,
"US1PAAL0029","PITTSBURGH 5.2 S, PA US","2020-04-22",,,"0.06",,
"US1PAAL0029","PITTSBURGH 5.2 S, PA US","2020-04-23",,,"0.01",,
"US1PAAL0029","PITTSBURGH 5.2 S, PA US","2020-04-24",,,"0.21",,
"US1PAAL0029","PITTSBURGH 5.2 S, PA US","2020-04-25",,,"0.03",,
"US1PAAL0029","PITTSBURGH 5.2 S, PA US","2020-04-26",,,"0.19",,
"US1PAAL0029","PITTSBURGH 5.2 S, PA US","2020-04-27",,,"1.21",,
"US1PAAL0029","PITTSBURGH 5.2 S, PA US","2020-04-28",,,"0.03",,
"US1PAAL0029","PITTSBURGH 5.2 S, PA US","2020-04-29",,,"0.01",,
"US1PAAL0029","PITTSBURGH 5.2 S, PA US","2020-04-30",,,"0.91",,
"US1PAAL0029","PITTSBURGH 5.2 S, PA US","2020-05-01",,,"0.11",,
"US1PAAL0029","PITTSBURGH 5.2 S, PA US","2020-05-02",,,"0.00",,
"US1PAAL0029","PITTSBURGH 5.2 S, PA US","2020-05-03",,,"0.02",,
"US1PAAL0029","PITTSBURGH 5.2 S, PA US","2020-05-04",,,"0.01",,
"US1PAAL0029","PITTSBURGH 5.2 S, PA US","2020-05-05",,,"0.00",,
"US1PAAL0029","PITTSBURGH 5.2 S, PA US","2020-05-06",,,"0.29",,
"US1PAAL0029","PITTSBURGH 5.2 S, PA US","2020-05-07",,,"0.05",,
"US1PAAL0029","PITTSBURGH 5.2 S, PA US","2020-05-08",,,"0.02",,
"US1PAAL0029","PITTSBURGH 5.2 S, PA US","2020-05-09",,,"0.24",,
"US1PAAL0029","PITTSBURGH 5.2 S, PA US","2020-05-10",,,"0.01",,
"US1PAAL0029","PITTSBURGH 5.2 S, PA US","2020-05-11",,,"0.14",,
"US1PAAL0029","PITTSBURGH 5.2 S, PA US","2020-05-12",,,"0.00",,
"US1PAAL0029","PITTSBURGH 5.2 S, PA US","2020-05-18","    6","0.24",,,
"US1PAAL0029","PITTSBURGH 5.2 S, PA US","2020-05-19",,,"0.06",,
"US1PAAL0029","PITTSBURGH 5.2 S, PA US","2020-05-20",,,"0.00",,
"US1PAAL0029","PITTSBURGH 5.2 S, PA US","2020-05-21",,,"0.00",,
"US1PAAL0029","PITTSBURGH 5.2 S, PA US","2020-05-22",,,"0.12",,
"US1PAAL0029","PITTSBURGH 5.2 S, PA US","2020-05-23",,,"0.32",,
"US1PAAL0029","PITTSBURGH 5.2 S, PA US","2020-05-24",,,"0.00",,
"US1PAAL0029","PITTSBURGH 5.2 S, PA US","2020-05-25",,,"0.00",,
"US1PAAL0029","PITTSBURGH 5.2 S, PA US","2020-05-26",,,"0.00",,
"US1PAAL0029","PITTSBURGH 5.2 S, PA US","2020-05-27",,,"0.00",,
"US1PAAL0029","PITTSBURGH 5.2 S, PA US","2020-05-28",,,"0.21",,
"US1PAAL0029","PITTSBURGH 5.2 S, PA US","2020-05-29",,,"0.14",,
"US1PAAL0029","PITTSBURGH 5.2 S, PA US","2020-05-30",,,"0.44",,
"US1PAAL0029","PITTSBURGH 5.2 S, PA US","2020-05-31",,,"0.00",,
"US1PAAL0029","PITTSBURGH 5.2 S, PA US","2020-06-01",,,"0.00",,
"US1PAAL0029","PITTSBURGH 5.2 S, PA US","2020-06-02",,,"0.01",,
"US1PAAL0029","PITTSBURGH 5.2 S, PA US","2020-06-03",,,"0.00",,
"US1PAAL0029","PITTSBURGH 5.2 S, PA US","2020-06-04",,,"0.00",,
"US1PAAL0029","PITTSBURGH 5.2 S, PA US","2020-06-05",,,"0.44",,
"US1PAAL0029","PITTSBURGH 5.2 S, PA US","2020-06-06",,,"0.00",,
"US1PAAL0029","PITTSBURGH 5.2 S, PA US","2020-06-07",,,"0.00",,
"US1PAAL0029","PITTSBURGH 5.2 S, PA US","2020-06-08",,,"0.00",,
"US1PAAL0029","PITTSBURGH 5.2 S, PA US","2020-06-09",,,"0.00",,
"US1PAAL0029","PITTSBURGH 5.2 S, PA US","2020-06-10",,,"0.00",,
"US1PAAL0029","PITTSBURGH 5.2 S, PA US","2020-06-11",,,"1.06",,
"US1PAAL0029","PITTSBURGH 5.2 S, PA US","2020-06-12",,,"0.00",,
"US1PAAL0029","PITTSBURGH 5.2 S, PA US","2020-06-13",,,"0.02",,
"US1PAAL0029","PITTSBURGH 5.2 S, PA US","2020-06-14",,,"0.00",,
"US1PAAL0029","PITTSBURGH 5.2 S, PA US","2020-06-15",,,"0.04",,
"US1PAAL0029","PITTSBURGH 5.2 S, PA US","2020-06-16",,,"0.00",,
"US1PAAL0029","PITTSBURGH 5.2 S, PA US","2020-06-17",,,"0.00",,
"US1PAAL0029","PITTSBURGH 5.2 S, PA US","2020-06-18",,,"0.01",,
"US1PAAL0029","PITTSBURGH 5.2 S, PA US","2020-06-24","    6","0.31",,,
"US1PAAL0029","PITTSBURGH 5.2 S, PA US","2020-06-25",,,"0.01",,
"US1PAAL0029","PITTSBURGH 5.2 S, PA US","2020-06-26",,,"0.07",,
"US1PAAL0029","PITTSBURGH 5.2 S, PA US","2020-06-27",,,"0.00",,
"US1PAAL0029","PITTSBURGH 5.2 S, PA US","2020-06-28",,,"0.26",,
"US1PAAL0029","PITTSBURGH 5.2 S, PA US","2020-06-29",,,"0.16",,
"US1PAAL0029","PITTSBURGH 5.2 S, PA US","2020-06-30",,,"0.00",,
"US1PAAL0029","PITTSBURGH 5.2 S, PA US","2020-07-01",,,"0.00",,
"US1PAAL0029","PITTSBURGH 5.2 S, PA US","2020-07-02",,,"0.00",,
"US1PAAL0029","PITTSBURGH 5.2 S, PA US","2020-07-03",,,"0.00",,
"US1PAAL0029","PITTSBURGH 5.2 S, PA US","2020-07-04",,,"0.00",,
"US1PAAL0029","PITTSBURGH 5.2 S, PA US","2020-07-05",,,"0.00",,
"US1PAAL0029","PITTSBURGH 5.2 S, PA US","2020-07-06",,,"0.00",,
"US1PAAL0029","PITTSBURGH 5.2 S, PA US","2020-07-07",,,"0.00",,
"US1PAAL0029","PITTSBURGH 5.2 S, PA US","2020-07-08",,,"0.07",,
"US1PAAL0029","PITTSBURGH 5.2 S, PA US","2020-07-09",,,"0.02",,
"US1PAAL0029","PITTSBURGH 5.2 S, PA US","2020-07-10",,,"0.00",,
"US1PAAL0029","PITTSBURGH 5.2 S, PA US","2020-07-11",,,"1.13",,
"US1PAAL0029","PITTSBURGH 5.2 S, PA US","2020-07-12",,,"0.12",,
"US1PAAL0029","PITTSBURGH 5.2 S, PA US","2020-07-13",,,"0.19",,
"US1PAAL0029","PITTSBURGH 5.2 S, PA US","2020-07-14",,,"0.00",,
"US1PAAL0029","PITTSBURGH 5.2 S, PA US","2020-07-15",,,"0.00",,
"US1PAAL0029","PITTSBURGH 5.2 S, PA US","2020-07-16",,,"0.00",,
"US1PAAL0029","PITTSBURGH 5.2 S, PA US","2020-07-17",,,"0.00",,
"US1PAAL0029","PITTSBURGH 5.2 S, PA US","2020-07-18",,,"0.00",,
"US1PAAL0029","PITTSBURGH 5.2 S, PA US","2020-07-19",,,"0.00",,
"US1PAAL0029","PITTSBURGH 5.2 S, PA US","2020-07-20",,,"0.00",,
"US1PAAL0029","PITTSBURGH 5.2 S, PA US","2020-07-21",,,"0.00",,
"US1PAAL0029","PITTSBURGH 5.2 S, PA US","2020-07-22",,,"0.31",,
"US1PAAL0029","PITTSBURGH 5.2 S, PA US","2020-07-23",,,"0.51",,
"US1PAAL0029","PITTSBURGH 5.2 S, PA US","2020-07-24",,,"0.94",,
"US1PAAL0029","PITTSBURGH 5.2 S, PA US","2020-07-25",,,"0.00",,
"US1PAAL0029","PITTSBURGH 5.2 S, PA US","2020-07-26",,,"0.00",,
"US1PAAL0029","PITTSBURGH 5.2 S, PA US","2020-07-27",,,"0.00",,
"US1PAAL0029","PITTSBURGH 5.2 S, PA US","2020-07-28",,,"0.01",,
"US1PAAL0029","PITTSBURGH 5.2 S, PA US","2020-07-29",,,"0.00",,
"US1PAAL0029","PITTSBURGH 5.2 S, PA US","2020-07-30",,,"0.00",,
"US1PAAL0029","PITTSBURGH 5.2 S, PA US","2020-07-31",,,"0.02",,
"US1PAAL0029","PITTSBURGH 5.2 S, PA US","2020-08-01",,,"0.00",,
"US1PAAL0029","PITTSBURGH 5.2 S, PA US","2020-08-02",,,"0.71",,
"US1PAAL0029","PITTSBURGH 5.2 S, PA US","2020-08-03",,,"0.01",,
"US1PAAL0029","PITTSBURGH 5.2 S, PA US","2020-08-04",,,"0.00",,
"US1PAAL0029","PITTSBURGH 5.2 S, PA US","2020-08-05",,,"0.13",,
"US1PAAL0029","PITTSBURGH 5.2 S, PA US","2020-08-06",,,"0.00",,
"US1PAAL0029","PITTSBURGH 5.2 S, PA US","2020-08-07",,,"0.00",,
"US1PAAL0029","PITTSBURGH 5.2 S, PA US","2020-08-08",,,"0.00",,
"US1PAAL0029","PITTSBURGH 5.2 S, PA US","2020-08-09",,,"0.00",,
"US1PAAL0029","PITTSBURGH 5.2 S, PA US","2020-08-10",,,"0.00",,
"US1PAAL0029","PITTSBURGH 5.2 S, PA US","2020-08-11",,,"0.00",,
"US1PAAL0029","PITTSBURGH 5.2 S, PA US","2020-08-12",,,"0.00",,
"US1PAAL0029","PITTSBURGH 5.2 S, PA US","2020-08-13",,,"0.00",,
"US1PAAL0029","PITTSBURGH 5.2 S, PA US","2020-08-14",,,"0.50",,
"US1PAAL0029","PITTSBURGH 5.2 S, PA US","2020-08-15",,,"0.00",,
"US1PAAL0029","PITTSBURGH 5.2 S, PA US","2020-08-16",,,"0.02",,
"US1PAAL0029","PITTSBURGH 5.2 S, PA US","2020-08-17",,,"0.00",,
"US1PAAL0029","PITTSBURGH 5.2 S, PA US","2020-08-18",,,"0.00",,
"US1PAAL0029","PITTSBURGH 5.2 S, PA US","2020-08-19",,,"0.00",,
"US1PAAL0029","PITTSBURGH 5.2 S, PA US","2020-08-20",,,"0.00",,
"US1PAAL0029","PITTSBURGH 5.2 S, PA US","2020-08-21",,,"0.00",,
"US1PAAL0029","PITTSBURGH 5.2 S, PA US","2020-08-22",,,"0.00",,
"US1PAAL0029","PITTSBURGH 5.2 S, PA US","2020-08-23",,,"1.31",,
"US1PAAL0029","PITTSBURGH 5.2 S, PA US","2020-08-24",,,"0.10",,
"US1PAAL0029","PITTSBURGH 5.2 S, PA US","2020-08-25",,,"0.00",,
"US1PAAL0029","PITTSBURGH 5.2 S, PA US","2020-08-26",,,"0.03",,
"US1PAAL0029","PITTSBURGH 5.2 S, PA US","2020-08-27",,,"0.00",,
"US1PAAL0029","PITTSBURGH 5.2 S, PA US","2020-08-28",,,"0.56",,
"US1PAAL0029","PITTSBURGH 5.2 S, PA US","2020-08-29",,,"1.99",,
"US1PAAL0029","PITTSBURGH 5.2 S, PA US","2020-08-30",,,"0.01",,
"US1PAAL0029","PITTSBURGH 5.2 S, PA US","2020-08-31",,,"0.00",,
"US1PAAL0029","PITTSBURGH 5.2 S, PA US","2020-09-01",,,"0.00",,
"US1PAAL0029","PITTSBURGH 5.2 S, PA US","2020-09-02",,,"0.26",,
"US1PAAL0029","PITTSBURGH 5.2 S, PA US","2020-09-03",,,"0.49",,
"US1PAAL0029","PITTSBURGH 5.2 S, PA US","2020-09-04",,,"0.14",,
"US1PAAL0029","PITTSBURGH 5.2 S, PA US","2020-09-05",,,"0.00",,
"US1PAAL0029","PITTSBURGH 5.2 S, PA US","2020-09-06",,,"0.00",,
"US1PAAL0029","PITTSBURGH 5.2 S, PA US","2020-09-07",,,"0.00",,
"US1PAAL0029","PITTSBURGH 5.2 S, PA US","2020-09-08",,,"0.02",,
"US1PAAL0029","PITTSBURGH 5.2 S, PA US","2020-09-09",,,"0.00",,
"US1PAAL0029","PITTSBURGH 5.2 S, PA US","2020-09-10",,,"0.00",,
"US1PAAL0029","PITTSBURGH 5.2 S, PA US","2020-09-11",,,"0.00",,
"US1PAAL0029","PITTSBURGH 5.2 S, PA US","2020-09-12",,,"0.00",,
"US1PAAL0029","PITTSBURGH 5.2 S, PA US","2020-09-13",,,"0.00",,
"US1PAAL0029","PITTSBURGH 5.2 S, PA US","2020-09-14",,,"0.06",,
"US1PAAL0029","PITTSBURGH 5.2 S, PA US","2020-09-15",,,"0.00",,
"US1PAAL0029","PITTSBURGH 5.2 S, PA US","2020-09-16",,,"0.00",,
"US1PAAL0029","PITTSBURGH 5.2 S, PA US","2020-09-17",,,"0.00",,
"US1PAAL0029","PITTSBURGH 5.2 S, PA US","2020-09-18",,,"0.00",,
"US1PAAL0029","PITTSBURGH 5.2 S, PA US","2020-09-19",,,"0.00",,
"US1PAAL0029","PITTSBURGH 5.2 S, PA US","2020-09-20",,,"0.00",,
"US1PAAL0029","PITTSBURGH 5.2 S, PA US","2020-09-21",,,"0.00",,
"US1PAAL0029","PITTSBURGH 5.2 S, PA US","2020-09-22",,,"0.00",,
"US1PAAL0029","PITTSBURGH 5.2 S, PA US","2020-09-23",,,"0.00",,
"US1PAAL0029","PITTSBURGH 5.2 S, PA US","2020-09-24",,,"0.00",,
"US1PAAL0029","PITTSBURGH 5.2 S, PA US","2020-09-25",,,"0.00",,
"US1PAAL0029","PITTSBURGH 5.2 S, PA US","2020-09-26",,,"0.00",,
"US1PAAL0029","PITTSBURGH 5.2 S, PA US","2020-09-27",,,"0.00",,
"US1PAAL0029","PITTSBURGH 5.2 S, PA US","2020-09-28",,,"0.00",,
"US1PAAL0029","PITTSBURGH 5.2 S, PA US","2020-09-29",,,"0.09",,
"US1PAAL0029","PITTSBURGH 5.2 S, PA US","2020-09-30",,,"0.18",,
"US1PAAL0029","PITTSBURGH 5.2 S, PA US","2020-10-01",,,"0.01",,
"US1PAAL0029","PITTSBURGH 5.2 S, PA US","2020-10-02",,,"0.05",,
"US1PAAL0029","PITTSBURGH 5.2 S, PA US","2020-10-03",,,"0.01",,
"US1PAAL0029","PITTSBURGH 5.2 S, PA US","2020-10-04",,,"0.00",,
"US1PAAL0029","PITTSBURGH 5.2 S, PA US","2020-10-05",,,"0.27",,
"US1PAAL0029","PITTSBURGH 5.2 S, PA US","2020-10-06",,,"0.00",,
"US1PAAL0029","PITTSBURGH 5.2 S, PA US","2020-10-07",,,"0.00",,
"US1PAAL0029","PITTSBURGH 5.2 S, PA US","2020-10-08",,,"0.00",,
"US1PAAL0029","PITTSBURGH 5.2 S, PA US","2020-10-09",,,"0.00",,
"US1PAAL0029","PITTSBURGH 5.2 S, PA US","2020-10-10",,,"0.00",,
"US1PAAL0029","PITTSBURGH 5.2 S, PA US","2020-10-11",,,"0.00",,
"US1PAAL0029","PITTSBURGH 5.2 S, PA US","2020-10-12",,,"0.03",,
"US1PAAL0029","PITTSBURGH 5.2 S, PA US","2020-10-13",,,"0.11",,
"US1PAAL0029","PITTSBURGH 5.2 S, PA US","2020-10-14",,,"0.00",,
"US1PAAL0029","PITTSBURGH 5.2 S, PA US","2020-10-15",,,"0.00",,
"US1PAAL0029","PITTSBURGH 5.2 S, PA US","2020-10-16",,,"0.46",,
"US1PAAL0029","PITTSBURGH 5.2 S, PA US","2020-10-17",,,"0.02",,
"US1PAAL0029","PITTSBURGH 5.2 S, PA US","2020-10-18",,,"0.00",,
"US1PAAL0029","PITTSBURGH 5.2 S, PA US","2020-10-19",,,"0.00",,
"US1PAAL0029","PITTSBURGH 5.2 S, PA US","2020-10-20",,,"0.54",,
"US1PAAL0029","PITTSBURGH 5.2 S, PA US","2020-10-21",,,"0.05",,
"US1PAAL0029","PITTSBURGH 5.2 S, PA US","2020-10-22",,,"0.00",,
"US1PAAL0029","PITTSBURGH 5.2 S, PA US","2020-10-26","    4","0.25",,,
"US1PAAL0029","PITTSBURGH 5.2 S, PA US","2020-10-28","    2","0.16",,,
"US1PAAL0029","PITTSBURGH 5.2 S, PA US","2020-10-29",,,"0.41",,
"US1PAAL0029","PITTSBURGH 5.2 S, PA US","2020-10-30",,,"0.93",,
"US1PAAL0029","PITTSBURGH 5.2 S, PA US","2020-10-31",,,"0.10",,
"US1PAAL0029","PITTSBURGH 5.2 S, PA US","2020-11-01",,,"0.00",,
"US1PAAL0029","PITTSBURGH 5.2 S, PA US","2020-11-02",,,"0.00",,
"US1PAAL0029","PITTSBURGH 5.2 S, PA US","2020-11-03",,,"0.01",,
"US1PAAL0029","PITTSBURGH 5.2 S, PA US","2020-11-04",,,"0.00",,
"US1PAAL0029","PITTSBURGH 5.2 S, PA US","2020-11-05",,,"0.00",,
"US1PAAL0029","PITTSBURGH 5.2 S, PA US","2020-11-06",,,"0.00",,
"US1PAAL0029","PITTSBURGH 5.2 S, PA US","2020-11-07",,,"0.00",,
"US1PAAL0029","PITTSBURGH 5.2 S, PA US","2020-11-08",,,"0.00",,
"US1PAAL0029","PITTSBURGH 5.2 S, PA US","2020-11-09",,,"0.00",,
"US1PAAL0029","PITTSBURGH 5.2 S, PA US","2020-11-10",,,"0.00",,
"US1PAAL0029","PITTSBURGH 5.2 S, PA US","2020-11-11",,,"0.26",,
"US1PAAL0029","PITTSBURGH 5.2 S, PA US","2020-11-12",,,"0.37",,
"US1PAAL0029","PITTSBURGH 5.2 S, PA US","2020-11-13",,,"0.00",,
"US1PAAL0029","PITTSBURGH 5.2 S, PA US","2020-11-14",,,"0.00",,
"US1PAAL0029","PITTSBURGH 5.2 S, PA US","2020-11-15",,,"0.02",,
"US1PAAL0029","PITTSBURGH 5.2 S, PA US","2020-11-16",,,"0.26",,
"US1PAAL0029","PITTSBURGH 5.2 S, PA US","2020-11-17",,,"0.00",,
"US1PAAL0029","PITTSBURGH 5.2 S, PA US","2020-11-18",,,"0.04",,
"US1PAAL0029","PITTSBURGH 5.2 S, PA US","2020-11-19",,,"0.00",,
"US1PAAL0029","PITTSBURGH 5.2 S, PA US","2020-11-20",,,"0.00",,
"US1PAAL0029","PITTSBURGH 5.2 S, PA US","2020-11-21",,,"0.00",,
"US1PAAL0029","PITTSBURGH 5.2 S, PA US","2020-11-22",,,"0.10",,
"US1PAAL0029","PITTSBURGH 5.2 S, PA US","2020-11-23",,,"0.47",,
"US1PAAL0029","PITTSBURGH 5.2 S, PA US","2020-11-24",,,"0.01",,
"US1PAAL0029","PITTSBURGH 5.2 S, PA US","2020-11-25",,,"0.00",,
"US1PAAL0029","PITTSBURGH 5.2 S, PA US","2020-11-26",,,"0.50",,
"US1PAAL0029","PITTSBURGH 5.2 S, PA US","2020-11-27",,,"0.03",,
"US1PAAL0029","PITTSBURGH 5.2 S, PA US","2020-11-28",,,"0.02",,
"US1PAAL0029","PITTSBURGH 5.2 S, PA US","2020-11-29",,,"0.00",,
"US1PAAL0029","PITTSBURGH 5.2 S, PA US","2020-11-30",,,"0.15",,
"US1PAAL0029","PITTSBURGH 5.2 S, PA US","2020-12-01",,,"0.39",,
"US1PAAL0029","PITTSBURGH 5.2 S, PA US","2020-12-02",,,"0.21",,
"US1PAAL0029","PITTSBURGH 5.2 S, PA US","2020-12-03",,,"0.00",,
"US1PAAL0029","PITTSBURGH 5.2 S, PA US","2020-12-04",,,"0.00",,
"US1PAAL0029","PITTSBURGH 5.2 S, PA US","2020-12-05",,,"0.00",,
"US1PAAL0029","PITTSBURGH 5.2 S, PA US","2020-12-06",,,"0.00",,
"US1PAAL0029","PITTSBURGH 5.2 S, PA US","2020-12-07",,,"0.00",,
"US1PAAL0029","PITTSBURGH 5.2 S, PA US","2020-12-08",,,"0.00",,
"US1PAAL0029","PITTSBURGH 5.2 S, PA US","2020-12-09",,,"0.00",,
"US1PAAL0029","PITTSBURGH 5.2 S, PA US","2020-12-10",,,"0.00",,
"US1PAAL0029","PITTSBURGH 5.2 S, PA US","2020-12-11",,,"0.00",,
"US1PAAL0029","PITTSBURGH 5.2 S, PA US","2020-12-12",,,"0.00",,
"US1PAAL0029","PITTSBURGH 5.2 S, PA US","2020-12-13",,,"0.00",,
"US1PAAL0029","PITTSBURGH 5.2 S, PA US","2020-12-14",,,"0.07",,
"US1PAAL0029","PITTSBURGH 5.2 S, PA US","2020-12-16","    2","0.00",,,
"US1PAAL0029","PITTSBURGH 5.2 S, PA US","2020-12-17",,,"0.92",,"10.0"
"US1PAAL0029","PITTSBURGH 5.2 S, PA US","2020-12-18",,,"0.07",,
"US1PAAL0029","PITTSBURGH 5.2 S, PA US","2020-12-19",,,"0.00",,
"US1PAAL0029","PITTSBURGH 5.2 S, PA US","2020-12-22","    3","0.48",,,
"US1PAAL0029","PITTSBURGH 5.2 S, PA US","2020-12-23",,,"0.00",,
"US1PAAL0029","PITTSBURGH 5.2 S, PA US","2020-12-24",,,"0.13",,
"US1PAAL0029","PITTSBURGH 5.2 S, PA US","2020-12-25",,,"0.91",,
"US1PAAL0029","PITTSBURGH 5.2 S, PA US","2020-12-26",,,"0.09",,
"US1PAAL0029","PITTSBURGH 5.2 S, PA US","2020-12-27",,,"0.00",,
"US1PAAL0029","PITTSBURGH 5.2 S, PA US","2020-12-28",,,"0.00",,
"US1PAAL0029","PITTSBURGH 5.2 S, PA US","2020-12-29",,,"0.02",,
"US1PAAL0029","PITTSBURGH 5.2 S, PA US","2020-12-30",,,"0.00",,
"US1PAAL0029","PITTSBURGH 5.2 S, PA US","2020-12-31",,,"0.28",,
"US1PAAL0029","PITTSBURGH 5.2 S, PA US","2021-01-01",,,"0.00",,
"US1PAAL0029","PITTSBURGH 5.2 S, PA US","2021-01-02",,,"0.69",,
"US1PAAL0029","PITTSBURGH 5.2 S, PA US","2021-01-03",,,"0.08",,
"US1PAAL0029","PITTSBURGH 5.2 S, PA US","2021-01-04",,,"0.40",,
"US1PAAL0029","PITTSBURGH 5.2 S, PA US","2021-01-05",,,"0.02",,
"US1PAAL0029","PITTSBURGH 5.2 S, PA US","2021-01-06",,,"0.00",,
"US1PAAL0029","PITTSBURGH 5.2 S, PA US","2021-01-07",,,"0.00",,
"US1PAAL0029","PITTSBURGH 5.2 S, PA US","2021-01-08",,,"0.00",,
"US1PAAL0029","PITTSBURGH 5.2 S, PA US","2021-01-09",,,"0.00",,
"US1PAAL0029","PITTSBURGH 5.2 S, PA US","2021-01-10",,,"0.00",,
"US1PAAL0029","PITTSBURGH 5.2 S, PA US","2021-01-11",,,"0.00",,
"US1PAAL0029","PITTSBURGH 5.2 S, PA US","2021-01-12",,,"0.00",,
"US1PAAL0029","PITTSBURGH 5.2 S, PA US","2021-01-13",,,"0.00",,
"US1PAAL0029","PITTSBURGH 5.2 S, PA US","2021-01-14",,,"0.00",,
"US1PAAL0029","PITTSBURGH 5.2 S, PA US","2021-01-15",,,"0.00",,
"US1PAAL0029","PITTSBURGH 5.2 S, PA US","2021-01-16",,,"0.08",,
"US1PAAL0029","PITTSBURGH 5.2 S, PA US","2021-01-17",,,"0.19",,
"US1PAAL0029","PITTSBURGH 5.2 S, PA US","2021-01-18",,,"0.07",,
"US1PAAL0029","PITTSBURGH 5.2 S, PA US","2021-01-19",,,"0.00",,
"US1PAAL0029","PITTSBURGH 5.2 S, PA US","2021-01-20",,,"0.03",,
"US1PAAL0029","PITTSBURGH 5.2 S, PA US","2021-01-23","    3","0.00",,,
"US1PAAL0029","PITTSBURGH 5.2 S, PA US","2021-01-27","    4","0.12",,,
"US1PAAL0029","PITTSBURGH 5.2 S, PA US","2021-01-30","    3","0.00",,,
"US1PAAL0029","PITTSBURGH 5.2 S, PA US","2021-01-31",,,"0.05",,
"US1PAAL0029","PITTSBURGH 5.2 S, PA US","2021-02-01",,,"0.38",,
"US1PAAL0029","PITTSBURGH 5.2 S, PA US","2021-02-02",,,"0.17",,
"US1PAAL0029","PITTSBURGH 5.2 S, PA US","2021-02-03",,,"0.03",,
"US1PAAL0029","PITTSBURGH 5.2 S, PA US","2021-02-04",,,"0.00","0.0",
"US1PAAL0029","PITTSBURGH 5.2 S, PA US","2021-02-05",,,"0.08",,
"US1PAAL0029","PITTSBURGH 5.2 S, PA US","2021-02-06",,,"0.00","0.0",
"US1PAAL0029","PITTSBURGH 5.2 S, PA US","2021-02-07",,,"0.00","0.0",
"US1PAAL0029","PITTSBURGH 5.2 S, PA US","2021-02-08",,,"0.00","0.0",
"US1PAAL0029","PITTSBURGH 5.2 S, PA US","2021-02-10","    2","0.44",,,
"US1PAAL0029","PITTSBURGH 5.2 S, PA US","2021-02-11",,,"0.15",,
"US1PAAL0029","PITTSBURGH 5.2 S, PA US","2021-02-12",,,"0.00",,
"US1PAAL0029","PITTSBURGH 5.2 S, PA US","2021-02-13",,,"0.01",,
"US1PAAL0029","PITTSBURGH 5.2 S, PA US","2021-02-14",,,"0.02",,
"US1PAAL0029","PITTSBURGH 5.2 S, PA US","2021-02-15",,,"0.00",,
"US1PAAL0029","PITTSBURGH 5.2 S, PA US","2021-02-16",,,"0.76",,
"US1PAAL0029","PITTSBURGH 5.2 S, PA US","2021-02-17",,,"0.01",,
"US1PAAL0029","PITTSBURGH 5.2 S, PA US","2021-02-18",,,"0.11","1.5",
"US1PAAL0029","PITTSBURGH 5.2 S, PA US","2021-02-19",,,"0.01",,
"US1PAAL0029","PITTSBURGH 5.2 S, PA US","2021-02-20",,,"0.00",,
"US1PAAL0029","PITTSBURGH 5.2 S, PA US","2021-02-21",,,"0.00","0.0",
"US1PAAL0029","PITTSBURGH 5.2 S, PA US","2021-02-22",,,"0.06",,
"US1PAAL0029","PITTSBURGH 5.2 S, PA US","2021-02-23",,,"0.04",,
"US1PAAL0029","PITTSBURGH 5.2 S, PA US","2021-02-24",,,"0.00","0.0",
"US1PAAL0029","PITTSBURGH 5.2 S, PA US","2021-02-25",,,"0.07",,
"US1PAAL0029","PITTSBURGH 5.2 S, PA US","2021-02-26",,,"0.00","0.0",
"US1PAAL0029","PITTSBURGH 5.2 S, PA US","2021-02-27",,,"0.00","0.0",
"US1PAAL0029","PITTSBURGH 5.2 S, PA US","2021-02-28",,,"0.04",,
"US1PAAL0029","PITTSBURGH 5.2 S, PA US","2021-03-01",,,"1.15",,
"US1PAAL0029","PITTSBURGH 5.2 S, PA US","2021-03-02",,,"0.00",,
"US1PAAL0029","PITTSBURGH 5.2 S, PA US","2021-03-03",,,"0.00","0.0",
"US1PAAL0029","PITTSBURGH 5.2 S, PA US","2021-03-04",,,"0.00","0.0",
"US1PAAL0029","PITTSBURGH 5.2 S, PA US","2021-03-05",,,"0.00","0.0",
"US1PAAL0029","PITTSBURGH 5.2 S, PA US","2021-03-06",,,"0.00","0.0",
"US1PAAL0029","PITTSBURGH 5.2 S, PA US","2021-03-07",,,"0.00","0.0",
"US1PAAL0029","PITTSBURGH 5.2 S, PA US","2021-03-08",,,"0.00","0.0",
"US1PAAL0029","PITTSBURGH 5.2 S, PA US","2021-03-09",,,"0.00","0.0",
"US1PAAL0029","PITTSBURGH 5.2 S, PA US","2021-03-10",,,"0.00","0.0",
"US1PAAL0029","PITTSBURGH 5.2 S, PA US","2021-03-11",,,"0.00","0.0",
"US1PAAL0029","PITTSBURGH 5.2 S, PA US","2021-03-12",,,"0.30",,
"US1PAAL0029","PITTSBURGH 5.2 S, PA US","2021-03-13",,,"0.00","0.0",
"US1PAAL0029","PITTSBURGH 5.2 S, PA US","2021-03-14",,,"0.00","0.0",
"US1PAAL0029","PITTSBURGH 5.2 S, PA US","2021-03-15",,,"0.00","0.0",
"US1PAAL0029","PITTSBURGH 5.2 S, PA US","2021-03-16",,,"0.00",,
"US1PAAL0029","PITTSBURGH 5.2 S, PA US","2021-03-17",,,"0.00","0.0",
"US1PAAL0029","PITTSBURGH 5.2 S, PA US","2021-03-18",,,"0.19",,
"US1PAAL0029","PITTSBURGH 5.2 S, PA US","2021-03-19",,,"1.23",,
"US1PAAL0029","PITTSBURGH 5.2 S, PA US","2021-03-20",,,"0.00","0.0",
"US1PAAL0029","PITTSBURGH 5.2 S, PA US","2021-03-21",,,"0.00","0.0",
"US1PAAL0029","PITTSBURGH 5.2 S, PA US","2021-03-22",,,"0.00","0.0",
"US1PAAL0029","PITTSBURGH 5.2 S, PA US","2021-03-23",,,"0.00","0.0",
"US1PAAL0029","PITTSBURGH 5.2 S, PA US","2021-03-24",,,"0.04",,
"US1PAAL0029","PITTSBURGH 5.2 S, PA US","2021-03-25",,,"0.00","0.0",
"US1PAAL0029","PITTSBURGH 5.2 S, PA US","2021-03-26",,,"0.09",,
"US1PAAL0029","PITTSBURGH 5.2 S, PA US","2021-03-27",,,"0.00","0.0",
"US1PAAL0029","PITTSBURGH 5.2 S, PA US","2021-03-28",,,"0.39",,
"US1PAAL0029","PITTSBURGH 5.2 S, PA US","2021-03-29",,,"0.11",,
"US1PAAL0029","PITTSBURGH 5.2 S, PA US","2021-03-30",,,"0.00","0.0",
"US1PAAL0029","PITTSBURGH 5.2 S, PA US","2021-03-31",,,"0.06",,
"US1PAAL0029","PITTSBURGH 5.2 S, PA US","2021-04-01",,,"0.28",,
"US1PAAL0029","PITTSBURGH 5.2 S, PA US","2021-04-02",,,"0.04",,
"US1PAAL0029","PITTSBURGH 5.2 S, PA US","2021-04-03",,,"0.00","0.0",
"US1PAAL0029","PITTSBURGH 5.2 S, PA US","2021-04-04",,,"0.00","0.0",
"US1PAAL0029","PITTSBURGH 5.2 S, PA US","2021-04-05",,,"0.00","0.0",
"US1PAAL0029","PITTSBURGH 5.2 S, PA US","2021-04-06",,,"0.00","0.0",
"US1PAAL0029","PITTSBURGH 5.2 S, PA US","2021-04-07",,,"0.00","0.0",
"US1PAAL0029","PITTSBURGH 5.2 S, PA US","2021-04-08",,,"0.00","0.0",
"US1PAAL0029","PITTSBURGH 5.2 S, PA US","2021-04-09",,,"0.06",,
"US1PAAL0029","PITTSBURGH 5.2 S, PA US","2021-04-10",,,"0.00","0.0",
"US1PAAL0029","PITTSBURGH 5.2 S, PA US","2021-04-11",,,"0.45",,
"US1PAAL0029","PITTSBURGH 5.2 S, PA US","2021-04-12",,,"0.01",,
"US1PAAL0029","PITTSBURGH 5.2 S, PA US","2021-04-13",,,"0.05",,
"US1PAAL0029","PITTSBURGH 5.2 S, PA US","2021-04-14",,,"0.01",,
"US1PAAL0029","PITTSBURGH 5.2 S, PA US","2021-04-15",,,"0.01",,
"US1PAAL0029","PITTSBURGH 5.2 S, PA US","2021-04-16",,,"0.04",,
"US1PAAL0029","PITTSBURGH 5.2 S, PA US","2021-04-17",,,"0.04",,
"US1PAAL0029","PITTSBURGH 5.2 S, PA US","2021-04-19","    2","0.04",,,
"US1PAAL0029","PITTSBURGH 5.2 S, PA US","2021-04-20",,,"0.00","0.0",
"US1PAAL0029","PITTSBURGH 5.2 S, PA US","2021-04-21",,,"0.02",,
"US1PAAL0029","PITTSBURGH 5.2 S, PA US","2021-04-22",,,"0.05",,
"US1PAAL0029","PITTSBURGH 5.2 S, PA US","2021-04-23",,,"0.00","0.0",
"US1PAAL0029","PITTSBURGH 5.2 S, PA US","2021-04-24",,,"0.00","0.0",
"US1PAAL0029","PITTSBURGH 5.2 S, PA US","2021-04-25",,,"0.31",,
"US1PAAL0029","PITTSBURGH 5.2 S, PA US","2021-04-26",,,"0.00","0.0",
"US1PAAL0029","PITTSBURGH 5.2 S, PA US","2021-04-27",,,"0.00","0.0",
"US1PAAL0029","PITTSBURGH 5.2 S, PA US","2021-04-28",,,"0.00","0.0",
"US1PAAL0029","PITTSBURGH 5.2 S, PA US","2021-04-29",,,"0.00","0.0",
"US1PAAL0029","PITTSBURGH 5.2 S, PA US","2021-04-30",,,"0.83",,
"US1PAAL0029","PITTSBURGH 5.2 S, PA US","2021-05-01",,,"0.19",,
"US1PAAL0029","PITTSBURGH 5.2 S, PA US","2021-05-02",,,"0.00","0.0",
"US1PAAL0029","PITTSBURGH 5.2 S, PA US","2021-05-03",,,"0.08",,
"US1PAAL0029","PITTSBURGH 5.2 S, PA US","2021-05-04",,,"0.60",,
"US1PAAL0029","PITTSBURGH 5.2 S, PA US","2021-05-05",,,"0.49",,
"US1PAAL0029","PITTSBURGH 5.2 S, PA US","2021-05-06",,,"0.14",,
"US1PAAL0029","PITTSBURGH 5.2 S, PA US","2021-05-07",,,"0.00",,
"US1PAAL0029","PITTSBURGH 5.2 S, PA US","2021-05-08",,,"0.15",,
"US1PAAL0029","PITTSBURGH 5.2 S, PA US","2021-05-09",,,"0.02",,
"US1PAAL0029","PITTSBURGH 5.2 S, PA US","2021-05-10",,,"0.97",,
"US1PAAL0029","PITTSBURGH 5.2 S, PA US","2021-05-11",,,"0.01",,
"US1PAAL0029","PITTSBURGH 5.2 S, PA US","2021-05-12",,,"0.01",,
"US1PAAL0029","PITTSBURGH 5.2 S, PA US","2021-05-13",,,"0.00","0.0",
"US1PAAL0029","PITTSBURGH 5.2 S, PA US","2021-05-14",,,"0.00","0.0",
"US1PAAL0029","PITTSBURGH 5.2 S, PA US","2021-05-15",,,"0.00","0.0",
"US1PAAL0029","PITTSBURGH 5.2 S, PA US","2021-05-16",,,"0.00","0.0",
"US1PAAL0029","PITTSBURGH 5.2 S, PA US","2021-05-17",,,"0.00","0.0",
"US1PAAL0029","PITTSBURGH 5.2 S, PA US","2021-05-18",,,"0.00","0.0",
"US1PAAL0029","PITTSBURGH 5.2 S, PA US","2021-05-19",,,"0.00","0.0",
"US1PAAL0029","PITTSBURGH 5.2 S, PA US","2021-05-20",,,"0.00","0.0",
"US1PAAL0029","PITTSBURGH 5.2 S, PA US","2021-05-21",,,"0.00","0.0",
"US1PAAL0029","PITTSBURGH 5.2 S, PA US","2021-05-22",,,"0.00","0.0",
"US1PAAL0029","PITTSBURGH 5.2 S, PA US","2021-05-23",,,"0.00","0.0",
"US1PAAL0029","PITTSBURGH 5.2 S, PA US","2021-05-24",,,"0.00",,
"US1PAAL0029","PITTSBURGH 5.2 S, PA US","2021-05-25",,,"0.02",,
"US1PAAL0029","PITTSBURGH 5.2 S, PA US","2021-05-26",,,"0.00","0.0",
"US1PAAL0029","PITTSBURGH 5.2 S, PA US","2021-05-27",,,"0.30",,
"US1PAAL0029","PITTSBURGH 5.2 S, PA US","2021-05-29",,,"0.62",,
"US1PAAL0029","PITTSBURGH 5.2 S, PA US","2021-05-30",,,"0.10",,
"US1PAAL0029","PITTSBURGH 5.2 S, PA US","2021-05-31",,,"0.01",,
"US1PAAL0029","PITTSBURGH 5.2 S, PA US","2021-06-01",,,"0.00","0.0",
"US1PAAL0029","PITTSBURGH 5.2 S, PA US","2021-06-02",,,"0.00","0.0",
"US1PAAL0029","PITTSBURGH 5.2 S, PA US","2021-06-03",,,"0.22",,
"US1PAAL0029","PITTSBURGH 5.2 S, PA US","2021-06-04",,,"0.03",,
"US1PAAL0029","PITTSBURGH 5.2 S, PA US","2021-06-05",,,"0.00","0.0",
"US1PAAL0029","PITTSBURGH 5.2 S, PA US","2021-06-06",,,"0.00","0.0",
"US1PAAL0029","PITTSBURGH 5.2 S, PA US","2021-06-07",,,"0.00","0.0",
"US1PAAL0029","PITTSBURGH 5.2 S, PA US","2021-06-08",,,"0.02",,
"US1PAAL0029","PITTSBURGH 5.2 S, PA US","2021-06-12","    4","0.11",,,
"US1PAAL0029","PITTSBURGH 5.2 S, PA US","2021-06-13",,,"0.00","0.0",
"US1PAAL0029","PITTSBURGH 5.2 S, PA US","2021-06-14",,,"1.63",,
"US1PAAL0029","PITTSBURGH 5.2 S, PA US","2021-06-15",,,"0.60",,
"US1PAAL0029","PITTSBURGH 5.2 S, PA US","2021-06-16",,,"0.00","0.0",
"US1PAAL0029","PITTSBURGH 5.2 S, PA US","2021-06-17",,,"0.00","0.0",
"US1PAAL0029","PITTSBURGH 5.2 S, PA US","2021-06-18",,,"0.01",,
"US1PAAL0029","PITTSBURGH 5.2 S, PA US","2021-06-19",,,"0.02",,
"US1PAAL0029","PITTSBURGH 5.2 S, PA US","2021-06-20",,,"0.15",,
"US1PAAL0029","PITTSBURGH 5.2 S, PA US","2021-06-22","    2","1.14",,,
"US1PAAL0029","PITTSBURGH 5.2 S, PA US","2021-06-23",,,"0.00","0.0",
"US1PAAL0029","PITTSBURGH 5.2 S, PA US","2021-06-24",,,"0.00","0.0",
"US1PAAL0029","PITTSBURGH 5.2 S, PA US","2021-06-25",,,"0.00","0.0",
"US1PAAL0029","PITTSBURGH 5.2 S, PA US","2021-06-26",,,"0.00","0.0",
"US1PAAL0029","PITTSBURGH 5.2 S, PA US","2021-06-27",,,"0.00","0.0",
"US1PAAL0029","PITTSBURGH 5.2 S, PA US","2021-06-28",,,"0.00","0.0",
"US1PAAL0029","PITTSBURGH 5.2 S, PA US","2021-06-29",,,"0.00","0.0",
"US1PAAL0029","PITTSBURGH 5.2 S, PA US","2021-06-30",,,"0.00","0.0",
"US1PAAL0029","PITTSBURGH 5.2 S, PA US","2021-07-01",,,"0.80",,
"US1PAAL0029","PITTSBURGH 5.2 S, PA US","2021-07-02",,,"0.33",,
"US1PAAL0029","PITTSBURGH 5.2 S, PA US","2021-07-03",,,"0.28",,
"US1PAAL0029","PITTSBURGH 5.2 S, PA US","2021-07-08","    5","1.54",,,
"US1PAAL0029","PITTSBURGH 5.2 S, PA US","2021-07-09",,,"0.25",,
"US1PAAL0029","PITTSBURGH 5.2 S, PA US","2021-07-10",,,"0.04",,
"US1PAAL0029","PITTSBURGH 5.2 S, PA US","2021-07-11",,,"0.00","0.0",
"US1PAAL0029","PITTSBURGH 5.2 S, PA US","2021-07-12",,,"0.41",,
"US1PAAL0029","PITTSBURGH 5.2 S, PA US","2021-07-13",,,"0.56",,
"US1PAAL0029","PITTSBURGH 5.2 S, PA US","2021-07-15","    2","0.06",,,
"US1PAAL0029","PITTSBURGH 5.2 S, PA US","2021-07-16",,,"0.00","0.0",
"US1PAAL0029","PITTSBURGH 5.2 S, PA US","2021-07-17",,,"0.15",,
"US1PAAL0029","PITTSBURGH 5.2 S, PA US","2021-07-18",,,"0.36",,
"US1PAAL0029","PITTSBURGH 5.2 S, PA US","2021-07-19",,,"0.00","0.0",
"US1PAAL0029","PITTSBURGH 5.2 S, PA US","2021-07-20",,,"0.00","0.0",
"US1PAAL0029","PITTSBURGH 5.2 S, PA US","2021-07-21",,,"0.00","0.0",
"US1PAAL0029","PITTSBURGH 5.2 S, PA US","2021-07-22",,,"0.00","0.0",
"US1PAAL0029","PITTSBURGH 5.2 S, PA US","2021-07-23",,,"0.00","0.0",
"US1PAAL0029","PITTSBURGH 5.2 S, PA US","2021-07-24",,,"0.02",,
"US1PAAL0029","PITTSBURGH 5.2 S, PA US","2021-07-25",,,"0.00","0.0",
"US1PAAL0029","PITTSBURGH 5.2 S, PA US","2021-07-26",,,"0.00",,
"US1PAAL0029","PITTSBURGH 5.2 S, PA US","2021-07-27",,,"0.00","0.0",
"US1PAAL0029","PITTSBURGH 5.2 S, PA US","2021-07-28",,,"0.00","0.0",
"US1PAAL0029","PITTSBURGH 5.2 S, PA US","2021-07-29",,,"0.00","0.0",
"US1PAAL0029","PITTSBURGH 5.2 S, PA US","2021-07-30",,,"0.28",,
"US1PAAL0029","PITTSBURGH 5.2 S, PA US","2021-07-31",,,"0.00","0.0",
"US1PAAL0029","PITTSBURGH 5.2 S, PA US","2021-08-01",,,"0.00","0.0",
"US1PAAL0029","PITTSBURGH 5.2 S, PA US","2021-08-02",,,"0.03",,
"US1PAAL0029","PITTSBURGH 5.2 S, PA US","2021-08-03",,,"0.00","0.0",
"US1PAAL0029","PITTSBURGH 5.2 S, PA US","2021-08-08","    5","0.10",,,
"US1PAAL0029","PITTSBURGH 5.2 S, PA US","2021-08-09",,,"0.04",,
"US1PAAL0029","PITTSBURGH 5.2 S, PA US","2021-08-10",,,"0.03",,
"US1PAAL0029","PITTSBURGH 5.2 S, PA US","2021-08-11",,,"0.40",,
"US1PAAL0029","PITTSBURGH 5.2 S, PA US","2021-08-12",,,"0.42",,
"US1PAAL0029","PITTSBURGH 5.2 S, PA US","2021-08-13",,,"2.19",,
"US1PAAL0029","PITTSBURGH 5.2 S, PA US","2021-08-14",,,"0.08",,
"US1PAAL0029","PITTSBURGH 5.2 S, PA US","2021-08-15",,,"0.00","0.0",
"US1PAAL0029","PITTSBURGH 5.2 S, PA US","2021-08-16",,,"0.00",,
"US1PAAL0029","PITTSBURGH 5.2 S, PA US","2021-08-17",,,"0.13",,
"US1PAAL0029","PITTSBURGH 5.2 S, PA US","2021-08-18",,,"0.49",,
"US1PAAL0029","PITTSBURGH 5.2 S, PA US","2021-08-19",,,"0.67",,
"US1PAAL0029","PITTSBURGH 5.2 S, PA US","2021-08-22","    3","0.08",,,
"US1PAAL0029","PITTSBURGH 5.2 S, PA US","2021-08-23",,,"0.00","0.0",
"US1PAAL0029","PITTSBURGH 5.2 S, PA US","2021-08-24",,,"0.54",,
"US1PAAL0029","PITTSBURGH 5.2 S, PA US","2021-08-25",,,"0.00","0.0",
"US1PAAL0029","PITTSBURGH 5.2 S, PA US","2021-08-26",,,"0.55",,
"US1PAAL0029","PITTSBURGH 5.2 S, PA US","2021-08-28","    2","0.00",,,
"US1PAAL0029","PITTSBURGH 5.2 S, PA US","2021-08-29",,,"0.52",,
"US1PAAL0029","PITTSBURGH 5.2 S, PA US","2021-08-30",,,"0.01",,
"US1PAAL0029","PITTSBURGH 5.2 S, PA US","2021-08-31",,,"0.04",,
"US1PAAL0029","PITTSBURGH 5.2 S, PA US","2021-09-01",,,"3.86",,
"US1PAAL0029","PITTSBURGH 5.2 S, PA US","2021-09-02",,,"0.79",,
"US1PAAL0029","PITTSBURGH 5.2 S, PA US","2021-09-03",,,"0.00","0.0",
"US1PAAL0029","PITTSBURGH 5.2 S, PA US","2021-09-04",,,"0.00","0.0",
"US1PAAL0029","PITTSBURGH 5.2 S, PA US","2021-09-05",,,"0.25",,
"US1PAAL0029","PITTSBURGH 5.2 S, PA US","2021-09-06",,,"0.05",,
"US1PAAL0029","PITTSBURGH 5.2 S, PA US","2021-09-07",,,"0.00","0.0",
"US1PAAL0029","PITTSBURGH 5.2 S, PA US","2021-09-08",,,"0.00","0.0",
"US1PAAL0029","PITTSBURGH 5.2 S, PA US","2021-09-09",,,"0.18",,
"US1PAAL0029","PITTSBURGH 5.2 S, PA US","2021-09-12","    3","0.00",,,
"US1PAAL0029","PITTSBURGH 5.2 S, PA US","2021-09-13",,,"0.00","0.0",
"US1PAAL0029","PITTSBURGH 5.2 S, PA US","2021-09-14",,,"0.00","0.0",
"US1PAAL0029","PITTSBURGH 5.2 S, PA US","2021-09-15",,,"0.00","0.0",
"US1PAAL0029","PITTSBURGH 5.2 S, PA US","2021-09-16",,,"0.64",,
"US1PAAL0029","PITTSBURGH 5.2 S, PA US","2021-09-17",,,"0.00","0.0",
"US1PAAL0029","PITTSBURGH 5.2 S, PA US","2021-09-18",,,"0.00","0.0",
"US1PAAL0029","PITTSBURGH 5.2 S, PA US","2021-09-19",,,"0.00","0.0",
"US1PAAL0029","PITTSBURGH 5.2 S, PA US","2021-09-20",,,"0.00","0.0",
"US1PAAL0029","PITTSBURGH 5.2 S, PA US","2021-09-21",,,"0.00","0.0",
"US1PAAL0029","PITTSBURGH 5.2 S, PA US","2021-09-22",,,"0.30",,
"US1PAAL0029","PITTSBURGH 5.2 S, PA US","2021-09-23",,,"0.81",,
"US1PAAL0029","PITTSBURGH 5.2 S, PA US","2021-09-24",,,"0.02",,
"US1PAAL0029","PITTSBURGH 5.2 S, PA US","2021-09-25",,,"0.00","0.0",
"US1PAAL0029","PITTSBURGH 5.2 S, PA US","2021-09-26",,,"0.00","0.0",
"US1PAAL0029","PITTSBURGH 5.2 S, PA US","2021-09-27",,,"0.00","0.0",
"US1PAAL0029","PITTSBURGH 5.2 S, PA US","2021-09-28",,,"0.51",,
"US1PAAL0029","PITTSBURGH 5.2 S, PA US","2021-09-29",,,"0.00","0.0",
"US1PAAL0029","PITTSBURGH 5.2 S, PA US","2021-09-30",,,"0.00","0.0",
"US1PAAL0029","PITTSBURGH 5.2 S, PA US","2021-10-01",,,"0.00","0.0",
"US1PAAL0029","PITTSBURGH 5.2 S, PA US","2021-10-02",,,"0.00","0.0",
"US1PAAL0029","PITTSBURGH 5.2 S, PA US","2021-10-03",,,"0.00",,
"US1PAAL0029","PITTSBURGH 5.2 S, PA US","2021-10-04",,,"0.14",,
"US1PAAL0029","PITTSBURGH 5.2 S, PA US","2021-10-05",,,"0.02",,
"US1PAAL0029","PITTSBURGH 5.2 S, PA US","2021-10-06",,,"0.00","0.0",
"US1PAAL0029","PITTSBURGH 5.2 S, PA US","2021-10-07",,,"0.00","0.0",
"US1PAAL0029","PITTSBURGH 5.2 S, PA US","2021-10-08",,,"0.00",,
"US1PAAL0029","PITTSBURGH 5.2 S, PA US","2021-10-09",,,"0.74",,
"US1PAAL0029","PITTSBURGH 5.2 S, PA US","2021-10-10",,,"0.00","0.0",
"US1PAAL0029","PITTSBURGH 5.2 S, PA US","2021-10-11",,,"0.00","0.0",
"US1PAAL0029","PITTSBURGH 5.2 S, PA US","2021-10-12",,,"0.00","0.0",
"US1PAAL0029","PITTSBURGH 5.2 S, PA US","2021-10-13",,,"0.00","0.0",
"US1PAAL0029","PITTSBURGH 5.2 S, PA US","2021-10-14",,,"0.00","0.0",
"US1PAAL0029","PITTSBURGH 5.2 S, PA US","2021-10-15",,,"0.00","0.0",
"US1PAAL0029","PITTSBURGH 5.2 S, PA US","2021-10-16",,,"0.30",,
"US1PAAL0029","PITTSBURGH 5.2 S, PA US","2021-10-17",,,"0.25",,
"US1PAAL0029","PITTSBURGH 5.2 S, PA US","2021-10-18",,,"0.00","0.0",
"US1PAAL0029","PITTSBURGH 5.2 S, PA US","2021-10-19",,,"0.00","0.0",
"US1PAAL0029","PITTSBURGH 5.2 S, PA US","2021-10-20",,,"0.00","0.0",
"US1PAAL0029","PITTSBURGH 5.2 S, PA US","2021-10-21",,,"0.00","0.0",
"US1PAAL0029","PITTSBURGH 5.2 S, PA US","2021-10-22",,,"0.45",,
"US1PAAL0029","PITTSBURGH 5.2 S, PA US","2021-10-23",,,"0.24",,
"US1PAAL0029","PITTSBURGH 5.2 S, PA US","2021-10-25","    2","0.87",,,
"US1PAAL0029","PITTSBURGH 5.2 S, PA US","2021-10-26",,,"0.12",,
"US1PAAL0029","PITTSBURGH 5.2 S, PA US","2021-10-27",,,"0.00",,
"US1PAAL0029","PITTSBURGH 5.2 S, PA US","2021-10-28",,,"0.00",,
"US1PAAL0029","PITTSBURGH 5.2 S, PA US","2021-10-29",,,"0.39",,
"US1PAAL0029","PITTSBURGH 5.2 S, PA US","2021-11-01","    3","0.84",,,
"US1PAAL0029","PITTSBURGH 5.2 S, PA US","2021-11-02",,,"0.00","0.0",
"US1PAAL0029","PITTSBURGH 5.2 S, PA US","2021-11-03",,,"0.00","0.0",
"US1PAAL0029","PITTSBURGH 5.2 S, PA US","2021-11-04",,,"0.00","0.0",
"US1PAAL0029","PITTSBURGH 5.2 S, PA US","2021-11-05",,,"0.00","0.0",
"US1PAAL0029","PITTSBURGH 5.2 S, PA US","2021-11-06",,,"0.00","0.0",
"US1PAAL0029","PITTSBURGH 5.2 S, PA US","2021-11-07",,,"0.00","0.0",
"US1PAAL0029","PITTSBURGH 5.2 S, PA US","2021-11-08",,,"0.00","0.0",
"US1PAAL0029","PITTSBURGH 5.2 S, PA US","2021-11-09",,,"0.00","0.0",
"US1PAAL0029","PITTSBURGH 5.2 S, PA US","2021-11-10",,,"0.00","0.0",
"US1PAAL0029","PITTSBURGH 5.2 S, PA US","2021-11-11",,,"0.00","0.0",
"US1PAAL0029","PITTSBURGH 5.2 S, PA US","2021-11-12",,,"0.35",,
"US1PAAL0029","PITTSBURGH 5.2 S, PA US","2021-11-13",,,"0.04",,
"US1PAAL0029","PITTSBURGH 5.2 S, PA US","2021-11-14",,,"0.04",,
"US1PAAL0029","PITTSBURGH 5.2 S, PA US","2021-11-15",,,"0.25",,
"US1PAAL0029","PITTSBURGH 5.2 S, PA US","2021-11-16",,,"0.00",,
"US1PAAL0029","PITTSBURGH 5.2 S, PA US","2021-11-17",,,"0.00","0.0",
"US1PAAL0029","PITTSBURGH 5.2 S, PA US","2021-11-18",,,"0.00","0.0",
"US1PAAL0029","PITTSBURGH 5.2 S, PA US","2021-11-19",,,"0.15",,
"US1PAAL0029","PITTSBURGH 5.2 S, PA US","2021-11-20",,,"0.00","0.0",
"US1PAAL0029","PITTSBURGH 5.2 S, PA US","2021-11-21",,,"0.00","0.0",
"US1PAAL0029","PITTSBURGH 5.2 S, PA US","2021-11-22",,,"0.04",,
"US1PAAL0029","PITTSBURGH 5.2 S, PA US","2021-11-23",,,"0.00","0.0",
"US1PAAL0029","PITTSBURGH 5.2 S, PA US","2021-12-01","    8","0.09",,,
"US1PAAL0029","PITTSBURGH 5.2 S, PA US","2021-12-02",,,"0.02",,
"US1PAAL0029","PITTSBURGH 5.2 S, PA US","2021-12-06","    4","0.16",,,
"US1PAAL0029","PITTSBURGH 5.2 S, PA US","2021-12-07",,,"0.19",,
"US1PAAL0029","PITTSBURGH 5.2 S, PA US","2021-12-08",,,"0.00","0.0",
"US1PAAL0029","PITTSBURGH 5.2 S, PA US","2021-12-09",,,"0.01",,
"US1PAAL0029","PITTSBURGH 5.2 S, PA US","2021-12-10",,,"0.00","0.0",
"US1PAAL0029","PITTSBURGH 5.2 S, PA US","2021-12-11",,,"0.72",,
"US1PAAL0029","PITTSBURGH 5.2 S, PA US","2021-12-12",,,"0.58",,
"US1PAAL0029","PITTSBURGH 5.2 S, PA US","2021-12-16","    4","0.00",,,
"US1PAAL0029","PITTSBURGH 5.2 S, PA US","2021-12-17",,,"0.03",,
"US1PAAL0029","PITTSBURGH 5.2 S, PA US","2021-12-18",,,"0.21",,
"US1PAAL0029","PITTSBURGH 5.2 S, PA US","2021-12-19",,,"0.16",,
"US1PAAL0029","PITTSBURGH 5.2 S, PA US","2021-12-24","    5","0.00",,,
"US1PAAL0029","PITTSBURGH 5.2 S, PA US","2021-12-25",,,"0.17",,
"US1PAAL0029","PITTSBURGH 5.2 S, PA US","2021-12-26",,,"0.54",,
"US1PAAL0029","PITTSBURGH 5.2 S, PA US","2021-12-27",,,"0.03",,
"US1PAAL0029","PITTSBURGH 5.2 S, PA US","2021-12-28",,,"0.61",,
"US1PAAL0029","PITTSBURGH 5.2 S, PA US","2021-12-29",,,"0.90",,
"US1PAAL0029","PITTSBURGH 5.2 S, PA US","2021-12-30",,,"0.00",,
"US1PAAL0029","PITTSBURGH 5.2 S, PA US","2021-12-31",,,"0.06",,
"US1PAAL0029","PITTSBURGH 5.2 S, PA US","2022-01-01",,,"0.22",,
"US1PAAL0029","PITTSBURGH 5.2 S, PA US","2022-01-02",,,"0.84",,
"US1PAAL0029","PITTSBURGH 5.2 S, PA US","2022-01-03",,,"0.00","0.0",
"US1PAAL0029","PITTSBURGH 5.2 S, PA US","2022-01-04",,,"0.00","0.0",
"US1PAAL0029","PITTSBURGH 5.2 S, PA US","2022-01-06","    2","0.00",,,
"US1PAAL0029","PITTSBURGH 5.2 S, PA US","2022-01-07",,,"0.20",,
"US1PAAL0029","PITTSBURGH 5.2 S, PA US","2022-01-08",,,"0.00","0.0",
"US1PAAL0029","PITTSBURGH 5.2 S, PA US","2022-01-09",,,"0.00","0.0",
"US1PAAL0029","PITTSBURGH 5.2 S, PA US","2022-01-10",,,"0.02",,
"US1PAAL0029","PITTSBURGH 5.2 S, PA US","2022-01-11",,,"0.00","0.0",
"US1PAAL0029","PITTSBURGH 5.2 S, PA US","2022-01-12",,,"0.00","0.0",
"US1PAAL0029","PITTSBURGH 5.2 S, PA US","2022-01-13",,,"0.00","0.0",
"US1PAAL0029","PITTSBURGH 5.2 S, PA US","2022-01-14",,,"0.08",,
"US1PAAL0029","PITTSBURGH 5.2 S, PA US","2022-01-15",,,"0.00","0.0",
"US1PAAL0029","PITTSBURGH 5.2 S, PA US","2022-01-16",,,"0.00","0.0",
"US1PAAL0029","PITTSBURGH 5.2 S, PA US","2022-01-17",,,"0.71",,
"US1PAAL0029","PITTSBURGH 5.2 S, PA US","2022-01-18",,,"0.00",,
"US1PAAL0029","PITTSBURGH 5.2 S, PA US","2022-01-19",,,"0.00","0.0",
"US1PAAL0029","PITTSBURGH 5.2 S, PA US","2022-01-20",,,"0.00",,
"US1PAAL0029","PITTSBURGH 5.2 S, PA US","2022-01-21",,,"0.00","0.0",
"US1PAAL0029","PITTSBURGH 5.2 S, PA US","2022-01-22",,,"0.00","0.0",
"US1PAAL0029","PITTSBURGH 5.2 S, PA US","2022-01-23",,,"0.00","0.0",
"US1PAAL0029","PITTSBURGH 5.2 S, PA US","2022-01-24",,,"0.11",,
"US1PAAL0029","PITTSBURGH 5.2 S, PA US","2022-01-25",,,"0.14",,
"US1PAAL0029","PITTSBURGH 5.2 S, PA US","2022-01-26",,,"0.00","0.0",
"US1PAAL0029","PITTSBURGH 5.2 S, PA US","2022-01-28",,,"0.09",,
"US1PAAL0029","PITTSBURGH 5.2 S, PA US","2022-01-29",,,"0.02",,
"US1PAAL0029","PITTSBURGH 5.2 S, PA US","2022-01-30",,,"0.00","0.0",
"US1PAAL0029","PITTSBURGH 5.2 S, PA US","2022-01-31",,,"0.00","0.0",
"US1PAAL0029","PITTSBURGH 5.2 S, PA US","2022-02-01",,,"0.00","0.0",
"US1PAAL0029","PITTSBURGH 5.2 S, PA US","2022-02-02",,,"0.00","0.0",
"US1PAAL0029","PITTSBURGH 5.2 S, PA US","2022-02-03",,,"0.38",,
"US1PAAL0029","PITTSBURGH 5.2 S, PA US","2022-02-04",,,"1.60",,
"US1PAAL0029","PITTSBURGH 5.2 S, PA US","2022-02-05",,,"0.15",,
"US1PAAL0029","PITTSBURGH 5.2 S, PA US","2022-02-06",,,"0.00","0.0",
"US1PAAL0029","PITTSBURGH 5.2 S, PA US","2022-02-07",,,"0.00","0.0",
"US1PAAL0029","PITTSBURGH 5.2 S, PA US","2022-02-08",,,"0.00","0.0",
"US1PAAL0029","PITTSBURGH 5.2 S, PA US","2022-02-09",,,"0.00","0.0",
"US1PAAL0029","PITTSBURGH 5.2 S, PA US","2022-02-10",,,"0.00","0.0",
"US1PAAL0029","PITTSBURGH 5.2 S, PA US","2022-02-11",,,"0.00","0.0",
"US1PAAL0029","PITTSBURGH 5.2 S, PA US","2022-02-12",,,"0.04",,
"US1PAAL0029","PITTSBURGH 5.2 S, PA US","2022-02-14",,,"0.01",,
"US1PAAL0029","PITTSBURGH 5.2 S, PA US","2022-02-15",,,"0.00","0.0",
"US1PAAL0029","PITTSBURGH 5.2 S, PA US","2022-02-16",,,"0.00","0.0",
"US1PAAL0029","PITTSBURGH 5.2 S, PA US","2022-02-17",,,"0.00","0.0",
"US1PAAL0029","PITTSBURGH 5.2 S, PA US","2022-02-18",,,"1.64",,
"US1PAAL0029","PITTSBURGH 5.2 S, PA US","2022-02-19",,,"0.00",,
"US1PAAL0029","PITTSBURGH 5.2 S, PA US","2022-02-20",,,"0.01",,
"US1PAAL0029","PITTSBURGH 5.2 S, PA US","2022-02-21",,,"0.00","0.0",
"US1PAAL0029","PITTSBURGH 5.2 S, PA US","2022-02-22",,,"0.00",,
"US1PAAL0029","PITTSBURGH 5.2 S, PA US","2022-02-23",,,"0.62",,
"US1PAAL0029","PITTSBURGH 5.2 S, PA US","2022-02-24",,,"0.00","0.0",
"US1PAAL0029","PITTSBURGH 5.2 S, PA US","2022-02-25",,,"1.26",,
"US1PAAL0029","PITTSBURGH 5.2 S, PA US","2022-02-26",,,"0.00","0.0",
"US1PAAL0029","PITTSBURGH 5.2 S, PA US","2022-02-27",,,"0.00","0.0",
"US1PAAL0029","PITTSBURGH 5.2 S, PA US","2022-02-28",,,"0.00","0.0",
"US1PAAL0029","PITTSBURGH 5.2 S, PA US","2022-03-05","    5","0.00",,,
"US1PAAL0029","PITTSBURGH 5.2 S, PA US","2022-03-07","    3","0.07",,,
"US1PAAL0029","PITTSBURGH 5.2 S, PA US","2022-03-08",,,"0.45",,
"US1PAAL0029","PITTSBURGH 5.2 S, PA US","2022-03-10","    2","0.35",,,
"US1PAAL0029","PITTSBURGH 5.2 S, PA US","2022-03-12",,,"0.62",,
"US1PAAL0029","PITTSBURGH 5.2 S, PA US","2022-03-19","    7","0.10",,,
"US1PAAL0029","PITTSBURGH 5.2 S, PA US","2022-03-20",,,"0.03",,
"US1PAAL0029","PITTSBURGH 5.2 S, PA US","2022-03-21",,,"0.02",,
"US1PAAL0029","PITTSBURGH 5.2 S, PA US","2022-03-22",,,"0.00","0.0",
"US1PAAL0029","PITTSBURGH 5.2 S, PA US","2022-03-23",,,"0.00",,
"US1PAAL0029","PITTSBURGH 5.2 S, PA US","2022-03-24",,,"0.50",,
"US1PAAL0029","PITTSBURGH 5.2 S, PA US","2022-03-28","    3","0.09",,,
"US1PAAL0029","PITTSBURGH 5.2 S, PA US","2022-03-30",,,"0.03",,
"US1PAAL0029","PITTSBURGH 5.2 S, PA US","2022-04-01","    2","0.08",,,
"US1PAAL0029","PITTSBURGH 5.2 S, PA US","2022-04-05","    4","0.04",,,
"US1PAAL0029","PITTSBURGH 5.2 S, PA US","2022-04-06",,,"1.01",,
"US1PAAL0029","PITTSBURGH 5.2 S, PA US","2022-04-07",,,"0.48",,
"US1PAAL0029","PITTSBURGH 5.2 S, PA US","2022-04-08",,,"0.06",,
"US1PAAL0029","PITTSBURGH 5.2 S, PA US","2022-04-09",,,"0.09",,
"US1PAAL0029","PITTSBURGH 5.2 S, PA US","2022-04-17","    8","0.42",,,
"US1PAAL0029","PITTSBURGH 5.2 S, PA US","2022-04-19","    2","0.66",,,
"US1PAAL0029","PITTSBURGH 5.2 S, PA US","2022-04-20",,,"0.03",,
"US1PAAL0029","PITTSBURGH 5.2 S, PA US","2022-04-24","    4","0.02",,,
"US1PAAL0029","PITTSBURGH 5.2 S, PA US","2022-04-26","    2","0.05",,,
"US1PAAL0029","PITTSBURGH 5.2 S, PA US","2022-05-02","    6","0.50",,,
"US1PAAL0029","PITTSBURGH 5.2 S, PA US","2022-05-03",,,"0.00","0.0",
"US1PAAL0029","PITTSBURGH 5.2 S, PA US","2022-05-04",,,"1.56",,
"US1PAAL0029","PITTSBURGH 5.2 S, PA US","2022-05-06",,,"0.32",,
"US1PAAL0029","PITTSBURGH 5.2 S, PA US","2022-05-07",,,"1.86",,
"US1PAAL0029","PITTSBURGH 5.2 S, PA US","2022-05-08",,,"0.19",,
"US1PAAL0029","PITTSBURGH 5.2 S, PA US","2022-05-09",,,"0.00","0.0",
"US1PAAL0029","PITTSBURGH 5.2 S, PA US","2022-05-10",,,"0.00","0.0",
"US1PAAL0029","PITTSBURGH 5.2 S, PA US","2022-05-11",,,"0.00","0.0",
"US1PAAL0029","PITTSBURGH 5.2 S, PA US","2022-05-12",,,"0.00","0.0",
"US1PAAL0029","PITTSBURGH 5.2 S, PA US","2022-05-13",,,"0.00","0.0",
"US1PAAL0029","PITTSBURGH 5.2 S, PA US","2022-05-14",,,"0.02",,
"US1PAAL0029","PITTSBURGH 5.2 S, PA US","2022-05-15",,,"0.34",,
"US1PAAL0029","PITTSBURGH 5.2 S, PA US","2022-05-16",,,"0.00","0.0",
"US1PAAL0029","PITTSBURGH 5.2 S, PA US","2022-05-17",,,"0.40",,
"US1PAAL0029","PITTSBURGH 5.2 S, PA US","2022-05-18",,,"0.00","0.0",
"US1PAAL0029","PITTSBURGH 5.2 S, PA US","2022-05-19",,,"0.24",,
"US1PAAL0029","PITTSBURGH 5.2 S, PA US","2022-05-20",,,"0.00",,
"US1PAAL0029","PITTSBURGH 5.2 S, PA US","2022-05-21",,,"0.00","0.0",
"US1PAAL0029","PITTSBURGH 5.2 S, PA US","2022-05-22",,,"0.00","0.0",
"US1PAAL0029","PITTSBURGH 5.2 S, PA US","2022-05-23",,,"0.15",,
"US1PAAL0029","PITTSBURGH 5.2 S, PA US","2022-05-24",,,"0.00","0.0",
"US1PAAL0029","PITTSBURGH 5.2 S, PA US","2022-05-25",,,"0.00","0.0",
"US1PAAL0029","PITTSBURGH 5.2 S, PA US","2022-05-26",,,"0.00","0.0",
"US1PAAL0029","PITTSBURGH 5.2 S, PA US","2022-05-27",,,"0.35",,
"US1PAAL0029","PITTSBURGH 5.2 S, PA US","2022-05-28",,,"0.15",,
"US1PAAL0029","PITTSBURGH 5.2 S, PA US","2022-05-29",,,"0.07",,
"US1PAAL0029","PITTSBURGH 5.2 S, PA US","2022-05-30",,,"0.00","0.0",
"US1PAAL0029","PITTSBURGH 5.2 S, PA US","2022-05-31",,,"0.00","0.0",
"US1PAAL0029","PITTSBURGH 5.2 S, PA US","2022-06-01",,,"0.00","0.0",
"US1PAAL0029","PITTSBURGH 5.2 S, PA US","2022-06-02",,,"0.53",,
"US1PAAL0029","PITTSBURGH 5.2 S, PA US","2022-06-03",,,"0.07",,
"US1PAAL0029","PITTSBURGH 5.2 S, PA US","2022-06-04",,,"0.00","0.0",
"US1PAAL0029","PITTSBURGH 5.2 S, PA US","2022-06-05",,,"0.00","0.0",
"US1PAAL0029","PITTSBURGH 5.2 S, PA US","2022-06-06",,,"0.00","0.0",
"US1PAAL0029","PITTSBURGH 5.2 S, PA US","2022-06-11","    5","0.82",,,
"US1PAAL0029","PITTSBURGH 5.2 S, PA US","2022-06-13","    2","0.10",,,
"US1PAAL0029","PITTSBURGH 5.2 S, PA US","2022-06-14",,,"0.17",,
"US1PAAL0029","PITTSBURGH 5.2 S, PA US","2022-06-15",,,"0.04",,
"US1PAAL0029","PITTSBURGH 5.2 S, PA US","2022-06-16",,,"0.00","0.0",
"US1PAAL0029","PITTSBURGH 5.2 S, PA US","2022-06-17",,,"0.00","0.0",
"US1PAAL0029","PITTSBURGH 5.2 S, PA US","2022-06-18",,,"0.00","0.0",
"US1PAAL0029","PITTSBURGH 5.2 S, PA US","2022-06-19",,,"0.00","0.0",
"US1PAAL0029","PITTSBURGH 5.2 S, PA US","2022-06-20",,,"0.00",,
"US1PAAL0029","PITTSBURGH 5.2 S, PA US","2022-06-21",,,"0.04",,
"US1PAAL0029","PITTSBURGH 5.2 S, PA US","2022-06-23",,,"0.27",,
"US1PAAL0029","PITTSBURGH 5.2 S, PA US","2022-06-24",,,"0.00","0.0",
"US1PAAL0029","PITTSBURGH 5.2 S, PA US","2022-06-25",,,"0.00","0.0",
"US1PAAL0029","PITTSBURGH 5.2 S, PA US","2022-06-26",,,"0.00","0.0",
"US1PAAL0029","PITTSBURGH 5.2 S, PA US","2022-06-27",,,"0.30",,
"US1PAAL0029","PITTSBURGH 5.2 S, PA US","2022-06-28",,,"0.00","0.0",
"US1PAAL0029","PITTSBURGH 5.2 S, PA US","2022-06-29",,,"0.00","0.0",
"US1PAAL0029","PITTSBURGH 5.2 S, PA US","2022-06-30",,,"0.00","0.0",
"US1PAAL0029","PITTSBURGH 5.2 S, PA US","2022-07-01",,,"0.00","0.0",
"US1PAAL0029","PITTSBURGH 5.2 S, PA US","2022-07-02",,,"0.60",,
"US1PAAL0029","PITTSBURGH 5.2 S, PA US","2022-07-03",,,"0.00","0.0",
"US1PAAL0029","PITTSBURGH 5.2 S, PA US","2022-07-04",,,"0.00","0.0",
"US1PAAL0029","PITTSBURGH 5.2 S, PA US","2022-07-05",,,"0.00",,
"US1PAAL0029","PITTSBURGH 5.2 S, PA US","2022-07-06",,,"0.04",,
"US1PAAL0029","PITTSBURGH 5.2 S, PA US","2022-07-07",,,"0.07",,
"US1PAAL0029","PITTSBURGH 5.2 S, PA US","2022-07-09",,,"0.01",,
"US1PAAL0029","PITTSBURGH 5.2 S, PA US","2022-07-10",,,"0.00","0.0",
"US1PAAL0029","PITTSBURGH 5.2 S, PA US","2022-07-11",,,"0.00","0.0",
"US1PAAL0029","PITTSBURGH 5.2 S, PA US","2022-07-12",,,"0.00","0.0",
"US1PAAL0029","PITTSBURGH 5.2 S, PA US","2022-07-13",,,"0.00",,
"US1PAAL0029","PITTSBURGH 5.2 S, PA US","2022-07-14",,,"0.12",,
"US1PAAL0029","PITTSBURGH 5.2 S, PA US","2022-07-15",,,"0.00","0.0",
"US1PAAL0029","PITTSBURGH 5.2 S, PA US","2022-07-16",,,"0.00","0.0",
"US1PAAL0029","PITTSBURGH 5.2 S, PA US","2022-07-17",,,"0.18",,
"US1PAAL0029","PITTSBURGH 5.2 S, PA US","2022-07-18",,,"0.87",,
"US1PAAL0029","PITTSBURGH 5.2 S, PA US","2022-07-19",,,"0.48",,
"US1PAAL0029","PITTSBURGH 5.2 S, PA US","2022-07-20",,,"0.00","0.0",
"US1PAAL0029","PITTSBURGH 5.2 S, PA US","2022-07-21",,,"0.24",,
"US1PAAL0029","PITTSBURGH 5.2 S, PA US","2022-07-22",,,"0.09",,
"US1PAAL0029","PITTSBURGH 5.2 S, PA US","2022-07-23",,,"0.00","0.0",
"US1PAAL0029","PITTSBURGH 5.2 S, PA US","2022-07-24",,,"0.42",,
"US1PAAL0029","PITTSBURGH 5.2 S, PA US","2022-07-25",,,"0.00","0.0",
"US1PAAL0029","PITTSBURGH 5.2 S, PA US","2022-07-26",,,"0.22",,
"US1PAAL0029","PITTSBURGH 5.2 S, PA US","2022-07-27",,,"0.07",,
"US1PAAL0029","PITTSBURGH 5.2 S, PA US","2022-07-28",,,"0.00","0.0",
"US1PAAL0029","PITTSBURGH 5.2 S, PA US","2022-07-29",,,"1.17",,
"US1PAAL0029","PITTSBURGH 5.2 S, PA US","2022-07-30",,,"0.00","0.0",
"US1PAAL0029","PITTSBURGH 5.2 S, PA US","2022-07-31",,,"0.00","0.0",
"US1PAAL0029","PITTSBURGH 5.2 S, PA US","2022-08-01",,,"0.05",,
"US1PAAL0029","PITTSBURGH 5.2 S, PA US","2022-08-02",,,"0.08",,
"US1PAAL0029","PITTSBURGH 5.2 S, PA US","2022-08-03",,,"0.04",,
"US1PAAL0029","PITTSBURGH 5.2 S, PA US","2022-08-04",,,"0.00","0.0",
"US1PAAL0029","PITTSBURGH 5.2 S, PA US","2022-08-05",,,"0.04",,
"US1PAAL0029","PITTSBURGH 5.2 S, PA US","2022-08-06",,,"0.07",,
"US1PAAL0029","PITTSBURGH 5.2 S, PA US","2022-08-07",,,"0.14",,
"US1PAAL0029","PITTSBURGH 5.2 S, PA US","2022-08-08",,,"0.11",,
"US1PAAL0029","PITTSBURGH 5.2 S, PA US","2022-08-09",,,"0.01",,
"US1PAAL0029","PITTSBURGH 5.2 S, PA US","2022-08-10",,,"0.00","0.0",
"US1PAAL0029","PITTSBURGH 5.2 S, PA US","2022-08-11",,,"0.00","0.0",
"US1PAAL0029","PITTSBURGH 5.2 S, PA US","2022-08-12",,,"0.01",,
"US1PAAL0029","PITTSBURGH 5.2 S, PA US","2022-08-13",,,"0.00","0.0",
"US1PAAL0029","PITTSBURGH 5.2 S, PA US","2022-08-14",,,"0.00","0.0",
"US1PAAL0029","PITTSBURGH 5.2 S, PA US","2022-08-15",,,"0.00","0.0",
"US1PAAL0029","PITTSBURGH 5.2 S, PA US","2022-08-16",,,"0.01",,
"US1PAAL0029","PITTSBURGH 5.2 S, PA US","2022-08-17",,,"0.00","0.0",
"US1PAAL0029","PITTSBURGH 5.2 S, PA US","2022-08-18",,,"0.00",,
"US1PAAL0029","PITTSBURGH 5.2 S, PA US","2022-08-23","    5","1.55",,,
"US1PAAL0029","PITTSBURGH 5.2 S, PA US","2022-08-28","    5","0.00",,,
"US1PAAL0029","PITTSBURGH 5.2 S, PA US","2022-08-29",,,"0.00","0.0",
"US1PAAL0029","PITTSBURGH 5.2 S, PA US","2022-08-30",,,"0.48",,
"US1PAAL0029","PITTSBURGH 5.2 S, PA US","2022-08-31",,,"0.20",,
"US1PAAL0029","PITTSBURGH 5.2 S, PA US","2022-09-03","    3","0.00",,,
"US1PAAL0029","PITTSBURGH 5.2 S, PA US","2022-09-04",,,"0.30",,
"US1PAAL0029","PITTSBURGH 5.2 S, PA US","2022-09-06","    2","0.30",,,
"US1PAAL0029","PITTSBURGH 5.2 S, PA US","2022-09-07",,,"0.01",,
"US1PAAL0029","PITTSBURGH 5.2 S, PA US","2022-09-08",,,"0.00","0.0",
"US1PAAL0029","PITTSBURGH 5.2 S, PA US","2022-09-09",,,"0.00","0.0",
"US1PAAL0029","PITTSBURGH 5.2 S, PA US","2022-09-13","    4","1.05",,,
"US1PAAL0029","PITTSBURGH 5.2 S, PA US","2022-09-18","    5","0.00",,,
"US1PAAL0029","PITTSBURGH 5.2 S, PA US","2022-09-19",,,"0.00","0.0",
"US1PAAL0029","PITTSBURGH 5.2 S, PA US","2022-09-20",,,"0.82",,
"US1PAAL0029","PITTSBURGH 5.2 S, PA US","2022-09-21",,,"0.00",,
"US1PAAL0029","PITTSBURGH 5.2 S, PA US","2022-09-25",,,"0.04",,
"US1PAAL0029","PITTSBURGH 5.2 S, PA US","2022-09-27","    2","0.14",,,
"US1PAAL0029","PITTSBURGH 5.2 S, PA US","2022-10-01","    4","0.21",,,
"US1PAAL0029","PITTSBURGH 5.2 S, PA US","2022-10-05","    4","0.10",,,
"US1PAAL0029","PITTSBURGH 5.2 S, PA US","2022-10-13","    8","0.40",,,
"US1PAAL0029","PITTSBURGH 5.2 S, PA US","2022-10-16","    3","0.15",,,
"US1PAAL0029","PITTSBURGH 5.2 S, PA US","2022-10-20","    4","0.25",,,
"US1PAAL0029","PITTSBURGH 5.2 S, PA US","2022-10-26","    6","0.00",,,
"US1PAAL0029","PITTSBURGH 5.2 S, PA US","2022-10-29","    3","0.28",,,
"US1PAAL0029","PITTSBURGH 5.2 S, PA US","2022-11-06","    8","0.02",,,
"US1PAAL0029","PITTSBURGH 5.2 S, PA US","2022-11-12","    6","1.81",,,
"US1PAAL0029","PITTSBURGH 5.2 S, PA US","2022-11-16","    4","0.60",,,
"US1PAAL0029","PITTSBURGH 5.2 S, PA US","2022-11-21","    5","0.01",,,
"US1PAAL0029","PITTSBURGH 5.2 S, PA US","2022-12-04","   13","0.91",,,
"US1PAAL0029","PITTSBURGH 5.2 S, PA US","2022-12-12","    8","0.28",,,
"US1PAAL0029","PITTSBURGH 5.2 S, PA US","2022-12-16","    4","0.79",,,
"US1PAAL0029","PITTSBURGH 5.2 S, PA US","2022-12-28","   12","0.27",,,
